Company name,Valuation (in $B),Date Joined,Country of origin,City,Industry,Investors
Bytedance,$140,04-07-2017,China,Beijing,Artificial intelligence,"Sequoia Capital China, SIG Asia Investments, Sina Weibo, Softbank Group"
Stripe,$95,1/23/2014,United States,San Francisco,Fintech,"Khosla Ventures, LowercaseCapital, capitalG"
SpaceX,$74,12-01-2012,United States,Hawthorne,Other,"Founders Fund, Draper Fisher Jurvetson, Rothenberg Ventures"
Didi Chuxing,$62,3/31/2015,China,Beijing,Auto & transportation,"Matrix Partners, Tiger Global Management, Softbank Corp.,"
Klarna,$45.6,12-12-2011,Sweden,Stockholm,Fintech,"Institutional Venture Partners, Sequoia Capital, General Atlantic"
Instacart,$39,12/30/2014,United States,San Francisco,"Supply chain, logistics, & delivery","Khosla Ventures, Kleiner Perkins Caufield & Byers, Collaborative Fund"
Nubank,$30,03-01-2018,Brazil,Sao Paulo,Fintech,"Sequoia Capital, Redpoint e.ventures, Kaszek Ventures"
Epic Games,$28.7,10/26/2018,United States,Cary,Other,"Tencent Holdings, KKR, Smash Ventures"
Databricks,$28,02-05-2019,United States,San Francisco,Data management & analytics,"Andreessen Horowitz, New Enterprise Associates, Battery Ventures"
Rivian,$27.6,09-10-2019,United States,Plymouth,Auto & transportation,"Amazon, Ford Motor Company, Cox Automotive"
BYJU's,$16.5,7/25/2017,India,Bengaluru,Edtech,"Tencent Holdings, Lightspeed India Partners, Sequoia Capital India"
One97 Communications,$16,05-12-2015,India,Noida,Fintech,"Intel Capital, Sapphire Ventures, Alibaba Group"
Yuanfudao,$15.5,5/31/2017,China,Beijing,Edtech,"Tencent Holdings, Warbug Pincus, IDG Capital"
DJI Innovations,$15,1/23/2015,China,Shenzhen,Hardware,"Accel Partners, Sequoia Capital"
Canva,$15,01-08-2018,Australia,Surry Hills,Internet software & services,"Sequoia Capital China, Blackbird Ventures, Matrix Partners"
SHEIN,$15,07-03-2018,China,Shenzhen,E-commerce & direct-to-consumer,"Tiger Global Management, Sequoia Capital China, Shunwei Capital Partners"
Checkout.com,$15,05-02-2019,United Kingdom,London,Fintech,"Tiger Global Management, Insight Partners, DST Global"
Chime,$14.5,03-05-2019,United States,San Francisco,Fintech,"Forerunner Ventures, Crosslink Capital, Homebrew"
Grab,$14.3,12-04-2014,Singapore,,Auto & transportation,"GGV Capital, Vertex Venture Holdings, Softbank Group"
Plaid Technologies,$13.5,12-11-2018,United States,San Francisco,Fintech,"New Enterprise Associates, Spar Capital, Index Ventures"
Fanatics,$12.8,06-06-2012,United States,Jacksonville,E-commerce & direct-to-consumer,"SoftBank Group, Andreessen Horowitz, Temasek Holdings"
SenseTime,$12,07-11-2017,China,Shanghai,Artificial intelligence,"Star VC, IDG Capital, Infore Capital, Alibaba Group"
JUUL Labs,$12,12/20/2017,United States,San Francisco,Consumer & retail,Tiger Global Management
Manbang Group,$12,4/24/2018,China,Guiyang,"Supply chain, logistics, & delivery","Softbank Group, CapitalG"
Bitmain Technologies,$12,07-06-2018,China,Beijing,Hardware,"Coatue Management, Sequoia Capital China, IDG Capital"
Biosplice Therapeutics,$12,08-06-2018,United States,San Diego,Health,"Vickers Venture Partners, IKEA GreenTech"
Robinhood,$11.7,4/26/2017,United States,Menlo Park,Fintech,"Google Ventures, Andreessen Horowitz, DST Global"
Global Switch,$11.1,12/22/2016,United Kingdom,London,Hardware,"Aviation Industry Corporation of China, Essence Financial, Jiangsu Sha Steel Group"
Celonis,$11,6/26/2018,Germany,Munich,Data management & analytics,"Accel, 83North"
Aurora,$10,02-07-2019,United States,Mountain View,Auto & transportation,"Index Ventures, Greylock Partners, Lightspeed Venture Partners"
Lalamove,$10,2/21/2019,Hong Kong,,"Supply chain, logistics, & delivery","MindWorks Ventures, Shunwei Capital Partners, Xiang He Capital"
Ripple,$10,12/20/2019,United States,San Francisco,Fintech,"IDG Capital, Venture51, Lightspeed Venture Partners"
OutSystems,$9.5,06-05-2018,United States,Boston,Internet software & services,"KKR, ES Ventures, North Bridge Growth Equity"
Klaviyo,$9.2,11/17/2020,United States,Boston,Internet software & services,"Summit Partners, Accel, Astral Capital"
Roivant Sciences,$9.09,08-09-2017,United States,New York,Health,"SoftBankGroup, Founders Fund"
Northvolt,$9.08,06-12-2019,Sweden,Stockholm,Other,"Vattenfall, Volkswagen Group, Goldman Sachs"
Tanium,$9,3/31/2015,United States,Kirkland,Cybersecurity,"Andreessen Horowitz, Nor-Cal Invest, TPG Growth"
Chehaoduo,$9,03-12-2016,China,Beijing,E-commerce & direct-to-consumer,"Sequoia Capital China, GX Capital"
OYO Rooms,$9,9/25/2018,India,Gurugram,Travel,"SoftBank Group, Sequoia Capital India,Lightspeed India Partners"
goPuff,$8.9,10-08-2020,United States,Philadelphia,E-commerce & direct-to-consumer,"Accel, Softbank Group, Anthos Capital"
ServiceTitan,$8.3,11/14/2018,United States,Glendale,Internet software & services,"Bessemer Venture Partners, ICONIQ Capital, Battery Ventures"
Tempus,$8.1,3/21/2018,United States,Chicago,Health,"New Enterprise Associates, T. Rowe Associates, Lightbank"
Xingsheng Selected,$8,7/22/2020,China,Changsha,E-commerce & direct-to-consumer,"KKR, Tencent Holdings, Sequoia Capital China"
Getir,$7.5,3/26/2021,Turkey,Istanbul,E-commerce & direct-to-consumer,"Tiger Global Management, Sequoia Capital, Revo Capital"
Caris Life Sciences,$7.83,05-12-2021,United States,Irving,Health,"Sixth Street Partners, OrbiMed Advisors, Highland Capital Management"
J&T Express,$7.8,04-07-2021,Indonesia,Jakarta,"Supply chain, logistics, & delivery","Hillhouse Capital Management, Boyu Capital, Sequoia Capital China"
Brex,$7.4,10-05-2018,United States,San Francisco,Fintech,"DST Global, Ribbit Capital, Greenoaks Capital Management"
Argo AI,$7.25,07-12-2019,United States,Pittsburgh,Artificial intelligence,"Volkswagen Group, Ford Autonomous Vehicles"
Gong,$7.25,08-12-2020,United States,San Francisco,Artificial intelligence,"Norwest Venture Partners, Next World Capital, Wing Venture Capital"
We Doctor,$7,9/22/2015,China,Hangzhou,Health,"Tencent, Morningside Group"
Discord,$7,4/20/2018,United States,San Francisco,Internet software & services,"Benchmark, Greylock Partners, Tencent Holdings"
Scale AI,$7.3,08-05-2019,United States,San Francisco,Artificial intelligence,"Accel, Y Combinator, Index Ventures"
Faire,$7,10/30/2019,United States,San Francisco,Artificial intelligence,"Khosla Ventures, Forerunner Ventures, Sequoia Capital"
Automation Anywhere,$6.8,07-02-2018,United States,San Jose,Artificial intelligence,"General Atlantic, Goldman Sachs, New Enterprise Associates"
Ziroom,$6.6,1/17/2018,China,Beijing,E-commerce & direct-to-consumer,"Sequoia Capital China, Warburg Pincus, General Catalyst"
National Stock Exchange of India,$6.5,07-01-2020,India,Mumbai,Fintech,"TA Associates, SoftBank Group, GS Growth"
Compass,$6.4,8/31/2016,United States,New York,E-commerce & direct-to-consumer,"Founders Fund, Thrive Capital, Wellington Management"
Ola Cabs,$6.3,10/27/2014,India,Bengaluru,Auto & transportation,"Accel Partners, SoftBank Group, Sequoia Capital"
Samsara Networks,$6.3,3/22/2018,United States,San Francisco,Hardware,"Andreessen Horowitz, General Catalyst"
Royole Corporation,$6,8/18/2015,China,Shenzhen,Hardware,"Warmsun Holding, IDG Capital Partners"
reddit,$6,7/31/2017,United States,San Francisco,Internet software & services,"Y Combinator, Sequoia Capital, Coatue Management"
GitLab,$6,9/19/2018,United States,San Francisco,Internet software & services,"Google Ventures, ICONIQ Capital, Khosla Ventures"
Yuanqi Senlin,$6,03-01-2020,China,Beijing,Consumer & retail,"Sequoia Capital China, Longfor Capitalm, Gaorong Capital"
Thrasio,$6,7/15/2020,United States,Walpole,Other,"Upper90, RiverPark Ventures, Advent International"
Better.com,$6,11-10-2020,United States,New York,Fintech,"Pine Brook, American Express Ventures, Kleiner Perkins Caufield & Byers"
Easyhome,$5.78,02-12-2018,China,Beijing,Consumer & retail,"Alibaba Group, Boyu Capital, Borui Capital"
Lianjia,$5.77,04-07-2016,China,Beijing,E-commerce & direct-to-consumer,"Tencent, Baidu, Huasheng Capital"
Airtable,$5.77,11/15/2018,United States,San Francisco,Internet software & services,"Caffeinated Capital, CRV, Founder Collective"
Vice Media,$5.7,04-02-2011,United States,Brooklyn,Internet software & services,"Technology Crossover Ventures, A&E Television Networks"
Hopin,$5.65,11-10-2020,United Kingdom,London,Internet software & services,"Accel, Northzone Ventures, Institutional Venture Partners"
Revolut,$5.5,4/26/2018,United Kingdom,London,Fintech,"index Ventures, DST Global, Ribbit Capital"
Zomato,$5.4,04-10-2015,India,Gurugram,Internet software & services,"Sequoia Capital, VY Capital"
Pony.ai,$5.3,07-11-2018,United States,Fremont,Artificial intelligence,"Sequoia Capital China, IDG Capital, DCM Ventures"
Trade Republic,$5.3,5/20/2021,Germany,Berlin,Fintech,"Founders Fund. Accel, Creandum"
Blockchain.com,$5.2,2/17/2021,United Kingdom,London,Fintech,"Lightspeed Venture Partners, Google Ventures, Lakestar"
HashiCorp,$5.1,11-01-2018,United States,San Francisco,Internet software & services,"Redpoint Ventures, True Ventures, Mayfield Fund"
OneTrust,$5.1,07-11-2019,United States,Atlanta,Internet software & services,Insight Partners
Wise,$5,1/26/2015,United Kingdom,London,Fintech,"IA Ventures, Index, Ventures, SV Angel"
United Imaging Healthcare,$5,9/15/2017,China,Shanghai,Health,"China Life Insurance, China Development Bank Capital, CITIC Securities International"
Hello TransTech,$5,06-01-2018,China,Shanghai,Auto & transportation,"Ant Financial Services Group, GGV Capital"
Swiggy,$5,6/21/2018,India,Bengaluru,"Supply chain, logistics, & delivery","Accel India, SAIF Partners, Norwest Venture Partners"
Krafton Game Union,$5,08-09-2018,South Korea,Seongnam,Other,"Tencent Holdings, Stonebridge Capital, IMM Investment"
TripActions,$5,11-08-2018,United States,Palo Alto,Travel,"Andreessen Horowitz, Lightspeed Venture Partners, Zeev Ventures"
Nuro,$5,02-11-2019,United States,Mountain View,Auto & transportation,"SoftBank Group, Greylock Partners, Gaorong Capital"
WM Motor,$5,03-08-2019,China,Shanghai,Auto & transportation,"Baidu Capital, Linear Venture, Tencent"
Dream11,$5,04-09-2019,India,Mumbai,Internet software & services,"Kaalari Capital, Tencent Holdings, Steadview Capital"
Ro,$5,7/27/2020,United States,New York,Health,"Initialized Capital, General Catalyst, SignalFire"
Howden Group Holdings,$5,9/29/2020,United Kingdom,London,Other,"General Atlantic, 3i Group, Huagai Capital"
SambaNova Systems,$5,4/13/2021,United States,Palo Alto,Data management & analytics,"Walden International, Google Ventures, Intel Capital"
Toast,$4.9,07-10-2018,United States,Boston,Fintech,"Bessemer Venture Partners, Tiger Global Management, Google Ventures"
Magic Leap,$4.82,10/21/2014,United States,Plantation,Hardware,"Obvious Ventures, Qualcomm Ventures, Andreessen Horowitz"
Snyk,$4.7,1/21/2020,United States,Boston,Cybersecurity,"BOLDstart Ventures, Google Ventures, Accel"
Meizu Technology,$4.58,7/23/2014,China,Zhuhai,Hardware,"Telling Telecommunication Holding Co., Alibaba Group"
Vinted,$4.53,11/27/2019,Lithuania,Vilnius,E-commerce & direct-to-consumer,"Accel, Insight Partners, Burda Principal Investments"
Zenefits,$4.5,05-06-2015,United States,San Francisco,Fintech,"SV Angel, Institutional Venture Partners, Venrock"
VIPKid,$4.5,08-04-2016,China,Beijing,Edtech,"Sequoia Capital China, Tencent Holdings, Sinovation Ventures"
Confluent,$4.5,1/23/2019,United States,Mountain View,Data management & analytics,"Benchmark, Sequoia Capital, Index Ventures"
UBTECH Robotics,$4.45,7/25/2016,China,Shenzhen,Hardware,"CDH Investments, Goldstone Investments, Qiming Venture Partners"
Outreach,$4.4,4/16/2019,United States,Seattle,Internet software & services,"Mayfield Fund, M12, Trinity Ventures"
Bolt,$4.3,5/29/2018,Estonia,Tallinn,Auto & transportation,"Didi Chuxing, Diamler, TMT Investments"
Ginkgo BioWorks,$4.2,12/14/2017,United States,Boston,Health,"Y Combinator, Data Collective, MassVentures"
Relativity Space,$4.2,11/23/2020,United States,Inglewood,Other,"Playground Global, Bond, Tribe Capital"
Amplitude,$4.15,5/21/2020,United States,San Francisco,Data management & analytics,"Benchmark, Battery Ventures, Institutional Venture Partners"
SSENSE,$4.15,06-08-2021,Canada,Montreal,E-commerce & direct-to-consumer,Sequoia Capital
Dataminr,$4.1,06-04-2018,United States,New York,Artificial intelligence,"Venrock, Institutional Venture Partners, Goldman Sachs"
Houzz,$4,9/30/2014,United States,Palo Alto,E-commerce & direct-to-consumer,"New Enterprise Associates, Sequoia Capital, Comcast Ventures"
Yello Mobile,$4,11-11-2014,South Korea,Seoul,Mobile & telecommunications,Formation 8
MEGVII,$4,10/31/2017,China,Beijing,Artificial intelligence,"Ant Financial Services Group, Russia-China Investment Fund, Foxconn Technology Company"
Niantic,$4,11/24/2017,United States,San Francisco,Mobile & telecommunications,"Nintendo, Google, Pokemon Company International, Spark Capital"
Greensill,$4,7/16/2018,United Kingdom,London,Fintech,"SoftBank Group, General Atlantic"
Impossible Foods,$4,5/13/2019,United States,Redwood City,Consumer & retail,"Khosla Ventures, Horizons Ventures, Temasek Holdings"
Radiology Partners,$4,7/19/2019,United States,El Segundo,Health,"New Enterprise Associates, Starr Investment Holdings"
Next Insurance,$4,10-07-2019,United States,Palo Alto,Fintech,"Zeev Ventures, Ribbit Capital, TLV Partners"
Patreon,$4,09-02-2020,United States,San Francisco,Internet software & services,"Index Ventures, Thrive Capital, CRV"
Kavak,$4,10-01-2020,Mexico,Colonia Juarez,E-commerce & direct-to-consumer,"DST Global, SoftBank Group, Mountain Nazca"
PointClickCare,$4,01-07-2021,Canada,Mississauga,Internet software & services,"Dragoneer Investment Group, Hellman & Friedman, JMI Equity"
Zapier,$4,1/14/2021,United States,Sunnyvale,Internet software & services,"Sequoia Capital, Bessemer Venture Partners, Threshold Ventures"
Clubhouse,$4,1/24/2021,United States,Oakland,Mobile & telecommunications,"Andreessen Horowitz, TQ Ventures"
Benchling,$4,4/14/2021,United States,San Francisco,Internet software & services,"Thrive Capital, Benchmark, MenloVentures"
QuintoAndar,$4,09-09-2019,Brazil,Campinas,E-commerce & direct-to-consumer,"Kaszek Ventures, General Atlantic, SoftBank Group"
Intarcia Therapeutics,$3.8,04-01-2014,United States,Boston,Health,"New Enterprise Associates, New Leaf Venture Partners, Charter Venture Capital"
Gusto,$3.8,12/18/2015,United States,San Francisco,Fintech,"General Catalyst Partners, Google Ventures, Kleiner Perkins Caufield & Byers"
StockX,$3.8,6/26/2019,United States,Detroit,E-commerce & direct-to-consumer,"Google Ventures, Battery Ventures, DST Global"
MessageBird,$3.8,10-08-2020,Netherlands,Amsterdam,Mobile & telecommunications,"Y Combinator, Atomico, Accel"
Devoted Health,$3.78,10/16/2018,United States,Waltham,Health,"Andreessen Horowitz, F-Prime Capital, Venrock"
Guild Education,$3.75,11/13/2019,United States,Denver,Internet software & services,"Redpoint Ventures, Harrison Metal, Bessemer Venture Partners"
Cohesity,$3.7,06-11-2018,United States,San Jose,Data management & analytics,"SoftBank Group, Sequoia Capital, Wing Venture Capital"
VAST Data,$3.7,4/16/2020,United States,New York,Data management & analytics,"Norwest Venture Partners, Goldman Sachs, Dell Technologies Capital"
Noom,$3.7,5/24/2020,United States,New York,Health,"Qualcomm Ventures, Samsung Ventures, Silver Lake"
Relativity,$3.6,3/18/2021,United States,Chicago,Internet software & services,"Silver Lake, ICONIQ Capital"
Otto Bock HealthCare,$3.52,6/24/2017,Germany,Duderstadt,Health,EQT Partners
Indigo Ag,$3.5,9/26/2017,United States,Boston,Artificial intelligence,"Activant Capital Group, Alaska Permanent Fund, Baillie Gifford & Co."
Bukalapak,$3.5,11/16/2017,Indonesia,Jakarta,E-commerce & direct-to-consumer,"500 Startups, Batavia Incubator, Emtek Group"
Freshworks,$3.5,7/31/2018,United States,San Mateo,Internet software & services,"Accel, Tiger Global Management, capitalG"
Rappi,$3.5,8/31/2018,Colombia,Bogota,"Supply chain, logistics, & delivery","DST Global, Andreessen Horowitz, Sequoia Capital, Redpoint e.ventures"
N26,$3.5,01-10-2019,Germany,Berlin,Fintech,"Redalpine Venture Partners, Earlybird Venture Capital, Valar Ventures"
HyalRoute,$3.5,5/26/2020,Singapore,,Mobile & telecommunications,Kuang-Chi
Oxford Nanopore Technologies,$3.47,05-06-2012,United Kingdom,Oxford,Health,"Illumina, Invesco Perpetual, IP Group"
Youxia Motors,$3.35,04-02-2018,China,Shanghai,Auto & transportation,"China Environmental Protection Industry, China Fortune Ocean"
Cloudwalk,$3.32,10-08-2018,China,Guangzhou,Artificial intelligence,"Oriza Holdings, Guangdong Technology Financial Group"
Rubrik,$3.3,4/28/2017,United States,Palo Alto,Data management & analytics,"Greylock Partners, Lightspeed Venture Partners, Khosla Ventures"
Sila Nanotechnologies,$3.3,4/16/2019,United States,Alameda,Other,"Bessemer Venture Partners, Sutter Hill Ventures, Matrix Partners"
Blend,$3.3,6/24/2019,United States,San Francisco,Fintech,"Lightspeed Venture Partners, 8VC, Greylock Partners"
Scopely,$3.3,10/29/2019,United States,Culver City,Mobile & telecommunications,"Greycroft, Sands Capital, Revolution Growth"
Komodo Health,$3.3,3/22/2021,United States,San Francisco,Health,"Andreessen Horowitz, IA Ventures, Felicis Ventures"
WeRide,$3.3,12/23/2020,China,Guangzhou,Auto & transportation,"Atop Capital, IDInvest Partners, Qiming Venture Partners"
Dadi Cinema,$3.24,05-11-2016,China,Shenzhen,Other,Alibaba Pictures Group
Flexport,$3.2,4/30/2018,United States,San Francisco,"Supply chain, logistics, & delivery","Bloomberg Beta, Founders Fund, First Round Capital"
Udemy,$3.2,2/19/2020,United States,San Francisco,Edtech,"MHS Capital, Insight Partners, Norwest Venture Partners"
Cedar,$3.2,03-09-2021,United States,New York,Fintech,"Thrive Capital, Founders Fund, Cocnord Health Partners"
Figure Technologies,$3.2,11-05-2019,United States,San Francisco,Fintech,"DCM Ventures, Ribbit Capital, RPM Ventures"
Back Market,$3.2,5/18/2021,France,Paris,E-commerce & direct-to-consumer,"Aglae Ventures, Eurazeo, Daphni"
Huitongda,$3.18,12/22/2017,China,Nanjing,E-commerce & direct-to-consumer,"Shunwei Capital Partners, Addor Capital, New Horizon Capital"
Udaan,$3.1,09-04-2018,India,Bengaluru,"Supply chain, logistics, & delivery","DST Global, Lightspeed Venture Partners, Microsoft ScaleUp"
HighRadius,$3.1,01-07-2020,United States,Houston,Fintech,"Susquehanna Growth Equity, Citi Ventures, ICONIQ Capital"
SentinelOne,$3.1,2/19/2020,United States,Mountain View,Cybersecurity,"Granite Hill Capital Partners, Data Collective, Tiger Global Management"
VANCL,$3,12/14/2010,China,Beijing,E-commerce & direct-to-consumer,"Ceyuan Ventures, QiMing Venture Partners, Temasek Holdings"
Warby Parker,$3,4/30/2015,United States,New York,E-commerce & direct-to-consumer,"BoxGroup, Felicis Ventures, First Round Capital"
Yixia,$3,11/24/2015,China,Beijing,Mobile & telecommunications,"Sequoia Capital China, Sina Weibo, Kleiner Perkins Caufield & Byers, Redpoint Ventures"
Xiaohongshu,$3,3/31/2016,China,Shanghai,E-commerce & direct-to-consumer,"GGV Capital, ZhenFund, Tencent"
Traveloka,$3,01-01-2017,Indonesia,Jakarta,Travel,"Global Founders Capital, East Ventures, Expedia Inc."
SouChe Holdings,$3,11-01-2017,China,Hangzhou,E-commerce & direct-to-consumer,"Morningside Ventures, Warburg Pincus, CreditEase Fintech Investment Fund"
BGL Group,$3,11/24/2017,United Kingdom,Peterborough,Fintech,CPP Investment Board
Circle,$3,5/15/2018,United States,Boston,Fintech,"General Catalyst, Digital Currency Group, Accel"
Zuoyebang,$3,7/18/2018,China,Beijing,Edtech,"Sequoia Capital China, Xiang He Capital, GGV Capital"
Talkdesk,$3,10-03-2018,United States,San Francisco,Internet software & services,"DJF, Salesforce Ventures, Storm Ventures"
Netskope,$3,11/13/2018,United States,Santa Clara,Cybersecurity,"Lightspeed Venture Partners, Social Capital, Accel"
Horizon Robotics,$3,2/27/2019,China,Beijing,Artificial intelligence,"Hillhouse Capital Management, Linear Venture, Morningside Venture Capital"
Wildlife Studios,$3,12-05-2019,Brazil,Sao Paulo,Other,"Benchmark, Bessemer Venture Partners"
Razorpay,$3,10-11-2020,India,Bengaluru,Fintech,"Y Combinator, Tiger Global Management, Matrix Partners India"
Hinge Health,$3,01-06-2021,United States,San Francisco,Health,"Atomico, Insight Partners, Coatue Management"
Calendly,$3,1/26/2021,United States,Atlanta,Internet software & services,"ICONIQ Capital, OpenView Venture Partners"
BlockFi,$3,03-11-2021,United States,Jersey City,Fintech,"ConsenSys Ventures, Valar Ventures, PUC"
ActiveCampaign,$3,4/21/2021,United States,Chicago,Internet software & services,"Silversmith Capital Partners, Susquehanna Growth Equity, Tiger Global Management"
Pine Labs,$3,1/24/2020,India,Noida,Fintech,"MasterCard, Temasek, PayPal Ventures"
Forter,$3,11/19/2020,United States,New York,Cybersecurity,"Sequoia Capital Israel, Scale Venture Partners, Commerce Ventures"
Delhivery,$3,2/27/2019,India,Gurgaon,"Supply chain, logistics, & delivery","Times Internet, Nexus Venture Partners, SoftBank Group"
FlixMobility,$3,7/18/2019,Germany,Munich,Auto & transportation,"Holtzbrinck Ventures, Unternehmertum Venture Capital, General Atlantic"
Kraken,$2.92,6/25/2019,United States,San Francisco,Fintech,"Bnk To The Future, Trammell Ventures, SBI Investment"
OpenAI,$2.92,7/22/2019,United States,San Francisco,Artificial intelligence,Khosla Ventures
Ovo,$2.9,3/14/2019,Indonesia,Jakarta,Fintech,"Grab, Tokopedia, Tokyo Century Corporation"
Loft,$2.9,01-03-2020,Brazil,Sao Paulo,E-commerce & direct-to-consumer,"Monashees+, Andreessen Horowitz, QED Investors"
Workrise,$2.9,9/30/2019,United States,Austin,Internet software & services,"Founders Fund, Quantum Energy Partners, Bedrock Capital"
Bird Rides,$2.85,5/30/2018,United States,Santa Monica,Auto & transportation,"Tusk Ventures, Craft Ventures, Sequoia Capital"
Meicai,$2.8,6/22/2016,China,Beijing,Mobile & telecommunications,"Tiger Global Management, Blue Lake Capital, ZhenFund"
OakNorth,$2.8,10-12-2017,United Kingdom,London,Fintech,"Clermont Group, Coltrane Asset Management, Toscafund Asset Management"
Icertis,$2.8,7/17/2019,United States,Bellevue,Artificial intelligence,"Eight Roads Ventures, Greycroft, Ignition Partners"
DataRobot,$2.8,7/29/2019,United States,Boston,Artificial intelligence,"New Enterprise Associates, Accomplice, IA Ventures"
ContentSquare,$2.8,5/25/2021,France,Paris,Internet software & services,"Highland Europe, Eurazeo, Canaan Partners"
Weee!,$2.8,3/16/2021,United States,Fremont,"Supply chain, logistics, & delivery","Goodwater Capital, iFly, XVC Venture Capital"
Graphcore,$2.77,12/18/2018,United Kingdom,Bristol,Artificial intelligence,"Dell Technologies Capital, Pitango Venture Capital, Amadeus Capital Partners"
Convoy,$2.75,9/21/2018,United States,Seattle,"Supply chain, logistics, & delivery","Greylock Partners, capitalG, Y Combinator"
MasterClass,$2.75,5/13/2021,United States,San Francisco,Edtech,"Institutional Venture Partners, New Enterprise Associates, Javelin Venture Partners"
Sprinklr,$2.7,3/31/2015,United States,New York,Internet software & services,"Azure Capital Partners, Battery Ventures, Intel Capital"
Tradeshift,$2.7,5/30/2018,United States,San Francisco,Fintech,"Notion Capital, Scentan Ventures, Kite Ventures"
Toss,$2.6,12-09-2018,South Korea,Seoul,Fintech,"Bessemer Venture Partners, Qualcomm Ventures, Kleiner Perkins Caufield & Byers"
Airwallex,$2.6,3/25/2019,Australia,Melbourne,Fintech,"DST Global, Sequoia Capital China, Tencent Holdings"
Dapper Labs,$2.6,3/30/2021,Canada,Vancouver,Fintech,"Union Square Ventures, Venrock, Andreessen Horowitz"
Xinchao Media,$2.59,04-09-2018,China,Chengdu,Internet software & services,"JD.com, Baidu, Vision Plus Capital"
23andMe,$2.5,07-03-2015,United States,Sunnyvale,Healh,"Google Ventures, New Enterprise Associates, MPM Capital"
Vista Global,$2.5,8/23/2017,United Arab Emirates,Dubai,Other,Rhone Capital
BYTON,$2.5,4/20/2018,China,Nanjing,Auto & transportation,"FAW Group, Tencent Holdings, Tus Holdings"
Aihuishou,$2.5,07-12-2018,China,Shanghai,E-commerce & direct-to-consumer,"Morningside Ventures, JD.com, Tiantu Capital"
Rapyd,$2.5,12-03-2019,United Kingdom,London,Fintech,"Target Global, General Catalyst, Durable Capital Partners"
Cazoo,$2.5,6/23/2020,United Kingdom,London,E-commerce & direct-to-consumer,"dmg ventures, General Catalyst, Octopus Ventures"
Acronis,$2.5,9/18/2019,Switzerland,Schaffhausen,Cybersecurity,"Goldman Sachs, VebVentures, Insight Partners"
AvidXchange,$2.42,06-08-2017,United States,Charlotte,Fintech,"Temasek Holdings, Charlotte Angel Partners, TPG Growth"
Cgtz,$2.41,2/21/2017,China,Hangzhou,Fintech,"Shunwei Capital Partners, China Media Group, Guangzhou Huiyin Aofeng Equity Investment Fund"
Star Charge,$2.41,5/19/2021,China,Changzhou,Auto & transportation,"Shunwei Capital Partners, China Media Group, Guangzhou Huiyin Aofeng Equity Investment Fund"
Carbon,$2.4,8/20/2015,United States,Redwood City,Hardware,"Google Ventures, Sequoia Capital, Wakefield Group"
Sportradar,$2.4,07-09-2018,Switzerland,St. Gallen,Internet software & services,"EQT Partners, Technology Crossover Ventures, Canada Pension Plan Investment Board"
PolicyBazaar,$2.4,05-06-2019,India,Gurgaon,Fintech,"Info Edge, Softbank Capital"
Duolingo,$2.4,12-04-2019,United States,Pittsburgh,Education,"capitalG, Union Square Ventures, New Enterprise Associates"
Paxos,$2.4,4/29/2021,United States,New York,Fintech,"Liberty City Ventures, RRE Ventures, Mithril Capital Management"
Exabeam,$2.4,06-01-2021,United States,San Mateo,Cybersecurity,"Norwest Venture Partners, Aspect Ventures, Lightspeed Venture Partners"
Collibra,$2.36,1/29/2019,Belgium,Brussels,Data management & analytics,"Index Ventures, Battery Ventures, ICONIQ Capital"
Bought By Many,$2.35,06-01-2021,United Kingdom,London,Fintech,"Octopus Ventures, Munich Re Ventures, CommerzVentures"
WEMAKEPRICE,$2.34,09-09-2015,South Korea,Seoul,E-commerce & direct-to-consumer,"IMM Investment, NXC"
Uptake,$2.3,10/27/2015,United States,Chicago,Artificial intelligence,"Revolution, New Enterprise Associates, Caterpillar"
Skydance Media,$2.3,02-11-2020,United States,Santa Monica,Other,"RedBird Capital Partners, CJ ENM, Tencent Holdings"
Lyra Health,$2.3,8/25/2020,United States,Burlingame,Health,"Greylock Partners, Venrock, Providence Ventures"
Greenlight,$2.3,9/24/2020,United States,Atlanta,Fintech,"Relay Ventures, TTV Capital, Canapi Ventures"
Highspot,$2.3,2/22/2021,United States,Seattle,Internet software & services,"Madrona Venture Group, Shasta Ventures, Salesforce Ventures"
Bowery Farming,$2.3,5/25/2021,United States,New York,Other,"Temasek, Google Ventures, General Catalyst"
ReNew Power,$2.28,2/14/2017,India,Gurugram,Other,"Goldman Sachs, JERA, Asian Development Bank"
HEYTEA,$2.26,07-01-2019,China,Shenzhen,Other,"Sequoia Capital China, Tencent Investment, BA Capital"
Zume,$2.25,11-01-2018,United States,Mountain View,Consumer & retail,"Softbank Group, AME Cloud Ventures, SignalFire"
Via,$2.25,3/30/2020,United States,New York,Auto & transportation,"83North, RiverPark Ventures, Pitango Venture Capital"
Planet Labs,$2.2,4/13/2015,United States,San Francisco,Other,"Threshold Ventures, O'Reilly AlphaTech Ventures, Data Collective"
NuCom Group,$2.2,2/22/2018,Germany,Unterfoehring,Other,General Atlantic
Lyell Immunopharma,$2.2,02-08-2019,United States,South San Francisco,Health,"ARCH Venture Partners, Foresite Capital, Altitude Life Science Ventures"
Checkr,$2.2,9/19/2019,United States,San Francisco,Internet software & services,"Y Combinator, Accel, T. Rowe Price"
MUSINSA,$2.2,11-11-2019,South Korea,Seoul,E-commerce & direct-to-consumer,Sequoia Capital
Attentive,$2.2,9/23/2020,United States,Hoboken,Mobile & telecommunications,"NextView Ventures, Eniac Ventures, Sequoia Capital"
CRED,$2.2,04-06-2021,India,Bengaluru,Fintech,"Tiger Global Management, DST Global, Ribbit Capital"
Current,$2.2,4/27/2021,United States,New York,Fintech,"Expa, QED Investors, Foundation Capital"
Bitso,$2.2,05-05-2021,Mexico,Mexico City,Fintech,"Pantera Capital, QED Investors, Coinbase Ventures"
Huaqin Telecom Technology,$2.19,10-08-2019,China,Shanghai,Mobile & telecommunications,"Zhangjiang Haocheng Venture Capital, Walden International, Intel Capital"
YITU Technology,$2.17,03-08-2018,China,Shanghai,Artificial intelligence,"Sequoia Capital China, Banyan Capital"
Cockroach Labs,$2.16,01-12-2021,United States,New York,Data management & analytics,"Google Ventures, Benchmark, FirstMark Capital"
Nextdoor,$2.1,03-04-2015,United States,San Francisco,Internet software & services,"Benchmark Capital, DAG Ventures, Insight Venture Partners"
FirstCry,$2.1,02-07-2020,India,Pune,E-commerce & direct-to-consumer,"SoftBank Group, SAIF Partners India, Valiant Capital Partners"
C6 Bank,$2.1,12-02-2020,Brazil,Sao Paulo,Fintech,Credit Suisse
Webflow,$2.1,1/13/2021,United States,San Francisco,Internet software & services,"Accel, Silversmith Capital Partners, capitalG"
6Sense,$2.1,3/30/2021,United States,San Francisco,Artificial intelligence,"Venrock, Battery Ventures, Insight Partners"
Meesho,$2.1,04-05-2021,India,Bengaluru,Internet software & services,"Venture Highway, Elevation Capital, Prosus Ventures"
ShareChat,$2.1,04-08-2021,India,Bengaluru,Internet software & services,"India Quotient, Elevation Capital, Lightspeed Venture Partners"
ReCharge,$2.1,05-06-2021,United States,Los Angeles,Fintech,"ICONIQ Growth, Bain Capital Ventures, Summit Partners"
Mambu,$2.08,01-06-2021,Germany,Berlin,Fintech,"Runa Capital, Acton Capital Partners, Point Nine Capital"
Trendy Group International,$2,2/13/2012,Hong Kong,,Consumer & retail,L Capital Partners
Avant,$2,12/17/2012,United States,Chicago,Artificial intelligence,"RRE Ventures, Tiger Global, August Capital"
Tubatu.com,$2,03-09-2015,China,Shenzhen,E-commerce & direct-to-consumer,"Sequoia Capital China, Matrix Partners China, 58.com"
BlaBlaCar,$2,9/16/2015,France,Paris,Auto & transportation,"Accel Partners, Index Ventures, Insight Venture Partners"
Quanergy Systems,$2,8/22/2016,United States,Sunnyvale,Auto & transportation,"Delphi Automotive, Samsung Ventures, Motus Ventures"
HuiMin,$2,09-05-2016,China,Beijing,E-commerce & direct-to-consumer,"Zheshang Venture Capital, GP Capital, Western Capital Management"
Quora,$2,4/21/2017,United States,Mountain View,Internet software & services,"Y Combinator, Matrix Partners, Benchmark"
Improbable,$2,05-11-2017,United Kingdom,London,Other,"Andreessen Horowitz, SoftBank Group, Temasek Holdings"
Kuaikan Manhua,$2,12-01-2017,China,Beijing,Internet software & services,"Sequoia Capital China, CMC Capital Partners, Tencent Holdings"
Preferred Networks,$2,5/17/2018,Japan,Tokyo,Artificial intelligence,"Toyota Motor Corporation, Mizuho Financial Group, FANUC"
LegalZoom,$2,7/31/2018,United States,Glendale,Internet software & services,"K1 Capital, Francisco Partners, Neuberger Berman"
4Paradigm,$2,12/19/2018,China,Beijing,Artificial intelligence,"Sequoia Capital China, China Construction Bank, Bank of China"
Calm,$2,02-06-2019,United States,San Francisco,Consumer & retail,"Insight Venture Partners, TPG Growth, Sound Ventures"
Kaseya,$2,3/27/2019,United States,Miami,Cybersecurity,"Insight Partners, TPG Alternative & Renewable Technologies, Ireland Strategic Investment Fund"
Mafengwo,$2,5/23/2019,China,Beijing,Travel,"Qiming Venture Partners, Capital Today, General Atlantic"
Druva,$2,6/20/2019,United States,Sunnyvale,Data management & analytics,"Nexus Venture Partners, Tenaya Capital, Sequoia Capital"
Babylon Health,$2,08-02-2019,United Kingdom,London,Artificial intelligence,"Kinnevik, Vostok New Ventures, Public Investment Fund of Saudi Arabia"
Kujiale,$2,10/25/2019,China,Hangzhou,Internet software & services,"GGV Capital, IDG Capital, Linear Venture"
AppsFlyer,$2,1/21/2020,United States,San Francisco,Mobile & telecommunications,"Magma Venture Partners, Pitango Venture Capital, Qumra Capital"
Notion Labs,$2,04-01-2020,United States,San Francisco,Internet software & services,"Index Ventures, Draft Ventures, Felicis Ventures"
Figma,$2,4/30/2020,United States,San Francisco,Internet software & services,"Index Ventures, Greylock Partners, Kleiner Perkins Caufield & Byers"
Dingdong Maicai,$2,05-12-2020,China,Shanghai,E-commerce & direct-to-consumer,"Gaorong Capital, CMC Capital Partners, General Atlantic"
Keep,$2,5/19/2020,China,Beijing,Mobile & telecommunications,"Bertelsmann Asia Investments, GGV Capital, Morningside Venture Capital"
Postman,$2,06-11-2020,United States,San Francisco,Internet software & services,"Nexus Venture Partners, CRV, Insight Partners"
Redis Labs,$2,8/25/2020,United States,Mountain View,Data management & analytics,"Viola Ventures, Dell Technologies Capital, Bain Capital Ventures"
Unacademy,$2,09-02-2020,India,Bengaluru,Edtech,"Blume Ventures, Nexus Venture Partners, Sequoia Capital India"
Xingyun B2B,$2,9/24/2020,China,Shenzhen,E-commerce & direct-to-consumer,"Matrix Partners China, Eastern Bell Capital, Hongtai Capital Holdings"
Tipalti,$2,10-06-2020,United States,San Mateo,Fintech,"01 Advisors, Zeev Ventures, Group 11"
Unqork,$2,10-06-2020,United States,New York,Fintech,"Blackrock, capitalG, World Lab Innovation"
Chainalysis,$2,11/23/2020,United States,New York,Fintech,"Addition, Benhcmark, Accel"
Virta Health,$2,12-02-2020,United States,San Francisco,Health,"Caffeinated Capital, Obvious Ventures, Venrock"
ISN,$2,12/17/2020,United States,Dallas,"Supply chain, logistics, & delivery",Blackstone
NAYUKI,$2,12/30/2020,China,Shenzhen,Other,"PAG, Yunfeng Capital, Tiantu Capital"
Earnix,$2,2/21/2021,Israel,Giv'atayim,Fintech,"Jerusalem Venture Partners, Israel Growth Partners, Insight Partners"
ATAI Life Sciences,$2,03-03-2021,Germany,Berlin,Health,"Apeiron Investment Group, Subversive Capital, Thiel Capital"
Clearco,$2,4/20/2021,Canada,Toronto,Fintech,"Highland Capital Partners, Oak HC/FT Partners, Emergence Capital Partners"
Hive,$2,4/21/2021,United States,San Francisco,Artificial intelligence,"Tomales Bay Capital, Bain & Company, General Catalyst"
KRY,$2,4/27/2021,Sweden,Stockholm,Health,"Index Ventures, Creandum, Accel"
Urban Company,$2.1,4/27/2021,India,Gurgaon,E-commerce & direct-to-consumer,"VY Capital, Accel, Elevation Capital"
Kajabi,$2,05-04-2021,United States,Irvine,Internet software & services,"Meritech Capital Partners, Tiger Global Management, Spectrum Equity"
Ethos Technologies,$2,05-11-2021,United States,San Francisco,Fintech,"Sequoia Capital, Google Ventures, Accel"
ThoughtSpot,$2.05,05-08-2018,United States,Sunnyvale,Internet software & services,"Lightspeed Venture Partners, Khosla Ventures, Geodesic Capital"
Formlabs,$2,08-01-2018,United States,Somerville,Hardware,"Pitango Venture Capital, DFJ Growth Fund, Foundry Group"
Pipe,$2,5/19/2021,United States,Miami,Fintech,"next47, MaC Venture Capital, FinVC"
Starling Bank,$1.95,03-08-2021,United Kingdom,London,Fintech,"JTC Group, Qatar Investment Authority, Fidelity Investment"
InVision,$1.9,11-01-2017,United States,New York,Internet software & services,"FirstMark Capital, Tiger Global Management, ICONIQ Capital"
BillDesk,$1.9,11/16/2018,India,Mumbai,Fintech,"Temasek Holdings, Visa, March Capital Partners"
eDaili,$1.9,02-01-2019,China,Shanghai,E-commerce & direct-to-consumer,"K2VC, Lightspeed China Partners, Sky9 Capital"
monday.com,$1.9,7/30/2019,Israel,Tel Aviv,Internet software & services,"Entree Capital, Genesis Partners, Insight Partners"
Anduril,$1.9,09-11-2019,United States,Irvine,Artificial intelligence,"Andreessen Horowitz, Founders Fund, Revolution Ventures"
MX Technologies,$1.9,1/13/2021,United States,Lehi,Fintech,"Point72 Ventures, Pelion Venture Partners, Commerce Ventures"
Digit Insurance,$1.9,1/15/2021,India,Bengaluru,Fintech,"Fairfax Financial Holdings, A91 Partners, TVS Capital"
Aledade,$1.9,1/19/2021,United States,Bethesda,Health,"Venrock, CVF Capital Partners, ARCH Venture Partners"
SpotOn,$1.88,5/26/2021,United States,San Francisco,Fintech,"Dragoneer Investment Group, DST Global, Franklin Templeton"
ENOVATE,$1.85,4/15/2019,China,Shanghai,Auto & transportation,Automobile Industry Guidance Fund
Automattic,$1.8,5/27/2013,United States,San Francisco,Internet software & services,"Insight Venture Partners, Lowercase Capital, Polaris Partners"
ZocDoc,$1.8,8/20/2015,United States,New York,Health,"Founders Fund, Khosla Ventures, Goldman Sachs"
Diamond Foundry,$1.8,3/29/2021,United States,South San Francisco,Other,"Fashion Tech Lab, Fidelity Investments, Vast Ventures"
AIWAYS,$1.78,4/16/2018,China,Shanghai,Auto & transportation,"Jiangsu Sha Steel Group, Shanghai Puyin Industry, Funa Yuanchuang Technology"
Farmers Business Network,$1.75,08-03-2020,United States,San Carlos,Other,"Blackrock, Kleiner Perkins Caulfield & Byers, Google Ventures"
GOAT,$1.75,9/23/2020,United States,Culver City,E-commerce & direct-to-consumer,"Upfront Ventures, Webb Investment Network, D1 Capital Partners"
Creditas,$1.75,12/18/2020,Brazil,Sao Paulo,Fintech,"Kaszek Ventures, Amadeus Capital Partners, Quona Capital"
Trulioo,$1.75,06-07-2021,Canada,Vancouver,Cybersecurity,"Blumberg Capital, American Express Ventures, BDC Venture Capital"
Apus Group,$1.73,1/16/2015,China,Beijing,Mobile & telecommunications,"Redpoint Ventures, QiMing Venture Partners, Chengwei Capital"
BetterUp,$1.73,2/25/2021,United States,San Francisco,Internet software & services,"Threshold Ventures, Lightspeed Venture Partners, Crosslink Capital"
Buzzfeed,$1.7,8/18/2015,United States,New York,Internet software & services,"SV Angel, RRE Ventures, New Enterprise Associates"
Thumbtack,$1.7,9/29/2015,United States,San Francisco,E-commerce & direct-to-consumer,"Tiger Global, Sequoia Capital, Google Capital"
Harry's Razor Company,$1.7,2/16/2018,United States,New York,Consumer & retail,"Thrive Capital, Tiger Global Management, Temasek"
Allbirds,$1.7,10-11-2018,United States,San Francisco,E-commerce & direct-to-consumer,"Lerer Hippeau Ventures, T. Rowe Price, Tiger Global Management"
PAX,$1.7,10/22/2018,United States,San Francisco,Consumer & retail,"Tao Capital Partners, Global Asset Capital, Tiger Global Management"
Carta,$1.7,05-06-2019,United States,San Francisco,Fintech,"Menlo Ventures, Spark Capital, Union Square Ventures"
VTEX,$1.7,9/28/2020,Brazil,Sao Paulo,E-commerce & direct-to-consumer,"Riverwood Capital, Gavea Investimentos, Endeavor"
Workato,$1.7,01-12-2021,United States,Mountain View,Internet software & services,"Battery Ventures, Storm Ventures, Redpoint Ventures"
Harness,$1.7,1/14/2021,United States,San Francisco,Artificial intelligence,"Menlo Ventures, Alkeon Capital Management, Citi Ventures"
Personio,$1.7,1/19/2021,Germany,Munich,Internet software & services,"Global Founders Capital, Nortzone Ventures, Picus Capital"
DispatchHealth,$1.7,03-03-2021,United States,Denver,Health,"Alta Partners, Questa Capital, Echo Health Venturesl"
Dutchie,$1.7,3/16/2021,United States,Bend,E-commerce & direct-to-consumer,"Casa Verde Capital, Gron Ventures, Thrity Five Ventures"
Wiz,$1.7,3/17/2021,Israel,Tel Aviv,Cybersecurity,"Insight Partners, Sequoia Capital, Index Ventures"
Unite Us,$1.7,3/17/2021,United States,New York,Health,"Scout Ventures, New York Ventures, Define Ventures"
CircleCI,$1.7,05-11-2021,United States,San Francisco,Internet software & services,"Threshold Ventures, Baseline Ventures, Harrison Metal"
Alan,$1.68,4/19/2021,France,Paris,Fintech,"Index Ventures, Temasek, Portag3 Ventures"
XANT,$1.65,4/28/2014,United States,Lehi,Artificial intelligence,"Microsoft Ventures, US Venture Partners, Kleiner Perkins Caufield & Byers"
wefox,$1.65,03-05-2019,Germany,Berlin,Fintech,"Salesforce Ventures, Seedcamp, OMERS Ventures"
Trader Interactive,$1.63,05-12-2021,United States,Norfolk,Other,Carsales
Jusfoun Big Data,$1.62,07-09-2018,China,Beijing,Data management & analytics,"Boxin Capital, DT Capital Partners, IDG Capital"
Zhubajie,$1.61,6/16/2015,China,Chongqing,Internet software & services,"Cybernaut Growth Fund, IDG Capital"
Monzo,$1.61,10/31/2018,United Kingdom,London,Fintech,"Passion Capital, Thrive Capital, Orange Digital Ventures"
Infinidat,$1.6,4/29/2015,United States,Waltham,Hardware,"TPG Growth, Goldman Sachs"
Afiniti,$1.6,4/14/2017,Bermuda,Hamilton,Artificial intelligence,GAM Holding
CAOCAO,$1.6,1/17/2018,China,Hangzhou,Auto & transportation,"People Electrical Appliance Group China, Zhongrong International Trust"
sweetgreen,$1.6,11/13/2018,United States,Culver City,Consumer & retail,"Red Sea Ventures, Fidelity Investments, Revolution"
Seismic,$1.6,12/18/2018,United States,San Diego,Internet software & services,"Jackson Square Ventures, General Atlantic, Lightspeed Venture Partners"
Verkada,$1.6,1/29/2020,United States,San Mateo,Cybersecurity,"next47, First Round Capital, Sequoia Capital"
ASR Microelectronics,$1.6,4/30/2020,China,Shanghai,Hardware,"Shenzhen Capital Group, Sequoia Capital China, Hillhouse Capital Management"
Clari,$1.6,03-03-2021,United States,Sunnyvale,Internet software & services,"Sequoia Capital, Bain Capital Ventures, enaya Capital"
Ramp Financial,$1.6,3/29/2021,United States,New York,Fintech,"D1 Capital Partners, Stripe, Coatue Management"
Tonal,$1.6,3/31/2021,United States,Sacramento,E-commerce & direct-to-consumer,"Mayfield Fund, Shasta Ventures, L Catterton"
Skims,$1.6,04-09-2021,United States,Culver City,E-commerce & direct-to-consumer,"Thrive Capital, Alliance Consumer Growth, Imaginary Ventures"
Clio,$1.6,4/27/2021,Canada,Burnaby,Internet software & services,"OMERS Private Equity, T. Rowe Price, Technology Crossover Ventures"
SafetyCulture,$1.6,05-03-2021,Australia,Sydney,Internet software & services,"Blackbird Ventures, IndexVentures, Tiger Global Management"
Extend,$1.6,5/18/2021,United States,San Francisco,Fintech,"GreatPoint Ventures, Meritech Capital Partners, PayPal Ventures"
ASAPP,$1.6,5/19/2021,United States,New York,Artificial Intelligence,"March Capital Partners, HOF Capital, Emergence Capital Partners"
Cognite,$1.6,5/19/2021,Norway,Lysaker,Data management & analytics,"Technology Crossover Ventures, Accel, Aker"
SmartHR,$1.6,06-08-2021,Japan,Tokyo,Fintech,"BEENEXT, World Innovation Lab, Light Street Capital"
Promasidor Holdings,$1.59,11-08-2016,South Africa,Bryanston,Consumer & retail,"IFC, Ajinomoto"
Illumio,$1.57,4/14/2015,United States,Sunnyvale,Cybersecurity,"Data Collective, Formation 8, General Catalyst Partners"
Baiwang,$1.55,3/25/2019,China,Beijing,Fintech,"Guozhong Venture Capital Management, Shenzhen Capital Group, Oriental Fortune Capital"
Loom,$1.53,5/20/2021,United States,San Francisco,Internet software & services,"Kleiner Perkins Caufield & Byers, Sequoia Capital, General Catalyst"
Ximalaya FM,$1.52,9/22/2017,China,Shanghai,Mobile & telecommunications,"China Creation Ventures, Sierra Ventures, Xingwang Investment Management"
Mu Sigma,$1.5,02-07-2013,United States,Northbrook,Data management & analytics,"Sequoia Capital, General Atlantic"
ironSource,$1.5,08-11-2014,Israel,Tel Aviv,Mobile & telecommunications,"Access Industries, Clal Industries and Investments"
TuJia,$1.5,6/17/2015,China,Beijing,Travel,"GGV Capital, QiMing Venture Partnersl"
Mofang Living,$1.5,4/13/2016,China,Shanghai,E-commerce & direct-to-consumer,"Warburg Pincus, Aviation Industry Corporation of China"
Gett,$1.5,5/24/2016,Israel,Tel Aviv,Auto & transportation,"Volkswagen, Access Industries, Vostok New Ventures"
DT Dream,$1.5,06-08-2017,China,Hangzhou,Data management & analytics,"Alibaba Group, China Everbright Investment Management, Yinxinggu Capital"
Cybereason,$1.5,6/21/2017,United States,Boston,Cybersecurity,"SoftBank Group, CRV, Spark Capital"
Changingedu,$1.5,10/30/2017,China,Shanghai,Edtech,"Trustbridge Partners, IDG Capital, Sequoia Capital China"
XiaoZhu,$1.5,11-01-2017,China,Beijing,Travel,"Morningside Ventures, Capital Today, JOY Capital"
JOLLY Information Technology,$1.5,5/29/2018,China,Hangzhou,E-commerce & direct-to-consumer,"Legend Capital, CDH Investments, Sequoia Capital China"
Yijiupi,$1.5,9/20/2018,China,Beijing,Consumer & retail,"Source Code Capital, Meituan Dianping, Tencent Holdings"
Cambridge Mobile Telematics,$1.5,12/19/2018,United States,Cambridge,Mobile & telecommunications,SoftBank Group
Remitly,$1.5,07-10-2019,United States,Seattle,Fintech,"DN Capital, Threshold Ventures, Trilogy Equity Partners"
Hippo Insurance,$1.5,7/24/2019,United States,Palo Alto,Fintech,"Propel Venture Partners, Horizons Ventures, Comcast Ventures"
Lenskart,$1.5,12/20/2019,India,Faridabad,E-commerce & direct-to-consumer,"Chiratae Ventures, PremjiInvest, Softbank"
Podium,$1.5,04-07-2020,United States,Lehi,Internet software & services,"Accel, Summit Partners, Google Ventures"
ApplyBoard,$1.5,05-05-2020,Canada,Kitchener,Edtech,"Artiman Ventures, Plug and Play Ventures, Anthos Capital"
Mirakl,$1.5,9/22/2020,France,Paris,E-commerce & direct-to-consumer,"Elaia Partners, 83North, Felix Capital"
Strava,$1.5,11/16/2020,United States,San Francisco,Internet software & services,"Jackson Square Ventures, Madrone Capital Partners, Sequoia Capital"
Olive,$1.5,12-01-2020,United States,Columbus,Internet software & services,"Drive Capital, General Catalyst, Ascension Ventures"
Color,$1.5,01-04-2021,United States,Burlingame,Health,"General Catalyst, Viking Global Investors, T. Rowe Price"
Enfusion,$1.5,01-11-2021,United States,Chicago,Fintech,FTV Capital
K Health,$1.5,1/19/2021,United States,New York,Health,"Max Ventures, Mangrove Capital Partners, 14W"
Uplight,$1.5,03-03-2021,United States,Boulder,Other,"Rubicon Technology Partners, Max Ventures, Inclusive Capital Partners"
ID.me,$1.5,3/19/2021,United States,McLean,Cybersecurity,"Moonshots Capital, BoxGroup, Blu Venture Investors"
Collective Health,$1.5,6/17/2019,United States,San Francisco,Fintech,"New Enterprise Associates, Founders Fund, Google Ventures"
Handshake,$1.5,05-12-2021,United States,San Francisco,Internet software & services,"Kleiner Perkins Caufield & Byers, Lightspeed Venture Partners, True Ventures"
Snapdocs,$1.5,5/25/2021,United States,San Francisco,Fintech,"Sequoia Capital, Y Combinator, F-Prime Capital"
Chipper Cash,$1.5,5/25/2021,United States,San Francisco,Fintech,"Deciens Capital, Bezos Expeditions, 500 Startups"
Ledger,$1.5,06-10-2021,France,Paris,Hardware,"Digital Currency Group, Draper Esprit, Korelya Capital"
Yipin Shengxian,$1.49,03-11-2019,China,Hefei,E-commerce & direct-to-consumer,"Eastern Bell Capital, Capital Today, Longzhu Capital"
ECARX,$1.49,10/26/2020,China,Wuhan,Auto & transportation,"Geely, SIG Asia Investments, China State Capital Venture Capital Fund"
Bordrin Motors,$1.48,06-03-2019,China,Shanghai,Auto & transportation,"China Grand Prosperity Investment, CSC Group"
Coocaa,$1.45,3/16/2018,China,Shenzhen,Hardware,"Baidu, Tencent Holdings"
Juma Peisong,$1.45,11/26/2018,China,Chengdu,"Supply chain, logistics, & delivery","Ding Xiang Capital, New Hope Fund, Sino-Ocean Capital"
Ouyeel,$1.45,6/27/2019,China,Shanghai,Internet software & services,Taigang Venture Capital
Gymshark,$1.45,8/14/2020,United Kingdom,Solihull,E-commerce & direct-to-consumer,General Atlantic
Brii BioSciences,$1.45,3/23/2021,United States,Durham,Health,"Sequoia Capital China, GIC, Boyu Capital"
Zeta,$1.45,5/24/2021,United States,San Francisco,Fintech,"Sodexo Ventures, SoftBank Group"
Justworks,$1.43,1/28/2020,United States,New York,Internet software & services,"Index Ventures, Thrive Capital, Bain Capital Ventures"
Koudai,$1.4,10/23/2014,China,Beijing,E-commerce & direct-to-consumer,"Norwest Venture Partners, Sequoia Capital India, KKR"
Symphony,$1.4,5/16/2017,United States,New York,Fintech,"BNP Paribas, Goldman Sachs, Google"
Yidian Zixun,$1.4,10/17/2017,China,Beijing,Mobile & telecommunications,"Phoenix New Media, Tianjin Haihe Industry Fund"
Cabify,$1.4,1/22/2018,Spain,Madrid,Auto & transportation,"Seaya Ventures, Otter Rock Capital, Rakuten"
Hive Box,$1.4,1/23/2018,China,Shenzhen,"Supply chain, logistics, & delivery","Eastern Bell Capital, SF Holding Co, STO Express"
Deezer,$1.4,08-02-2018,France,Paris,Internet software & services,"Orange Digital Ventures, Access Industries"
Away,$1.4,5/15/2019,United States,New York,E-commerce & direct-to-consumer,"Global Founders Capital, Comcast Ventures, Forerunner Ventures"
Voodoo,$1.4,8/17/2020,France,Paris,Other,"Tencent Holdings, Goldman Sachs"
Kong,$1.4,12/31/2020,United States,San Francisco,Internet software & services,"New Enterprise Associates, CRV, Index Ventures"
OwnBackup,$1.4,1/28/2021,United States,Englewood Cliffs,Data management & analytics,"Insight Partners, Salesforce Ventures, Vertex Ventures"
Epidemic Sound,$1.4,03-11-2021,Sweden,Stockholm,Internet software & services,"EQT Partners, Blackstone"
Yotpo,$1.4,3/18/2021,United States,New York,Internet software & services,"Bessemer Venture Partners, Vintage Investment Partners, Blumberg Capital"
Five Star Business Finance,$1.4,3/26/2021,India,Chennai,Other,"New Enterprise Associates, Tiger Global management, Tencent"
Phenom People,$1.4,04-07-2021,United States,Ambler,Internet software & services,"Sierra Ventures, AXA Venture Partners, Sigma Prime Ventures"
GupShup,$1.4,04-08-2021,United States,San Francisco,Internet software & services,"Helion Venture Partners, Tiger Global management, CRV"
Degreed,$1.4,4/13/2021,United States,Pleasanton,Edtech,"Signal Peak Ventures, Owl Ventures, Jump Capital"
Astranis Space Technologies,$1.4,4/14/2021,United States,San Francisco,Mobile & telecommunications,"Refactor Capital, Andreessen Horowitz, Fifty Years Fund"
ChargeBee Technologies,$1.4,4/20/2021,United States,Walnut,Fintech,"Insight Partners, Tiger Global Management, Accel"
Scalable Capital,$1.4,06-08-2021,Germany,Munich,Fintech,"BlackRock, Tengelmann Ventures, Holtzbrinck Ventures"
Veepee,$1.38,7/20/2007,France,Paris,E-commerce & direct-to-consumer,"Summit Partners, Qatar Holding"
DeepBlue Technology,$1.35,4/16/2018,China,Shanghai,Artificial intelligence,"DESUN Capital, Yunfeng Capital, Meridian Capital"
Klook,$1.35,08-07-2018,Hong Kong,,Travel,"Sequoia Capital China, Goldman Sachs, Matrix Partners China"
Rippling,$1.35,08-04-2020,United States,San Francisco,Internet software & services,"Initialized Capital, Y Combinator, Kleiner Perkins Caufield & Byers"
Plume,$1.35,2/23/2021,United States,Palo Alto,Internet software & services,"Insight Partners, Jackson Square Ventures, Liberty Gloval Ventures"
Melio,$1.34,1/25/2021,Israel,Tel Aviv,Fintech,"Accel, Aleph, American Express Ventures"
Signifyd,$1.34,4/15/2021,United States,San Jose,Fintech,"Menlo Ventures, Resolute Ventures, IA Ventures"
Flipboard,$1.32,7/22/2015,United States,Palo Alto,Internet software & services,"Kleiner Perkins Caufield & Byers, Comcast Ventures, Insight Partners"
Grove Collaborative,$1.32,1/17/2018,United States,San Francisco,E-commerce & direct-to-consumer,"MHS Capital, NextView Ventures, Mayfield Fund"
GPclub,$1.32,10/22/2018,South Korea,Seoul,Other,Goldman Sachs
Tongdun Technology,$1.32,4/25/2019,China,Hangzhou,Cybersecurity,"Advantech Capital, Temasek Holdings Ltd., Tiantu Capital Co."
Alzheon,$1.31,9/30/2020,United States,Framingham,Health,"ARCH Venture Partners, Ally Bridge Group"
Zeta Global,$1.3,7/15/2015,United States,New York,Internet software & services,"GSO Capital Partners, Franklin Square"
Rocket Lab,$1.3,3/21/2017,United States,Long Beach,Other,"Lockheed Martin, Khosla Ventures, Bessemer Venture Partners"
HeartFlow,$1.3,12-04-2017,United States,Redwood City,Health,"BlueCross BlueShield Venture Partners, US Venture Partners"
Sonder,$1.3,07-11-2019,United States,San Francisco,Travel,"Structure Capital, Spark Capital, Greylock Partners"
Trax,$1.3,7/22/2019,Singapore,,Artificial intelligence,"Hopu Investment Management, Boyu Capital, DC Thomson Ventures"
You & Mr Jones,$1.3,11/19/2019,United States,New York,Other,Undisclosed
InSightec,$1.3,03-06-2020,Israel,Tirat Carmel,Health,"York Capital Management, GE Healthcare, Koch Disruptive Technologies"
Arctic Wolf Networks,$1.3,10/22/2020,United States,Eden Prairie,Cybersecurity,"Lightspeed Venture Partners, Redpoint Ventures, Viking Global Investors"
Everly Health,$1.3,12-03-2020,United States,Austin,E-commerce & direct-to-consumer,"Highland Capital Partners, Next Coast Ventures, SoGal Ventures"
Manner,$1.3,12/24/2020,China,Shanghai,Other,"Coatue Management, H Capital, Capital Today"
Innovaccer,$1.3,2/19/2021,United States,San Francisco,Health,"M12, WestBridge Capital, Lightspeed Venture Partners"
Socure,$1.3,3/16/2021,United States,New York,Cybersecurity,"Two Sigma Ventures, Flint Capital, Commerce Ventures"
Coalition,$1.3,3/16/2021,United States,San Francisco,Cybersecurity,"Ribbit Capital, General Atlantic, Index Ventures"
ABL Space Systems,$1.3,3/25/2021,United States,El Segundo,Other,"T. Rowe Price, Lockheed Martin Ventures, Fidelity Investment"
Outschool,$1.3,4/14/2021,United States,San Francisco,Edtech,"Uniion Square Ventures, Tiger Global Management, Lightspeed Venture Capital"
Starry,$1.29,07-03-2018,United States,Boston,Mobile & telecommunications,"Social Capital, Bessemer Venture Partners"
Intercom,$1.28,3/27/2018,United States,San Francisco,Internet software & services,"FirstMark Capital, Tiger Global Management"
OVO Energy,$1.28,2/14/2019,United Kingdom,Bristol,Other,"Mitsubishi Corporation, Mayfair Equity Partners"
WTOIP,$1.27,04-08-2018,China,Guangzhou,Internet software & services,"Dark Horse Technology Group, Hopu Investment Management, Kefa Capital"
ezCater,$1.25,04-02-2019,United States,Boston,"Supply chain, logistics, & delivery","Insight Venture Partners, ICONIQ Capital, Launchpad Venture Group"
KeepTruckin,$1.25,4/23/2019,United States,San Francisco,"Supply chain, logistics, & delivery","Google Ventures, Index Ventures, Scale Venture Partners"
Applied Intuition,$1.25,10/22/2020,United States,Sunnyvale,Data management & analytics,"Andreessen Horowitz, Lux Capital, General Catalyst"
BigID,$1.25,12/16/2020,United States,New York,Cybersecurity,"BOLDstart Ventures, SAP.iO Fund, Scale Venture Partners"
Rec Room,$1.25,3/23/2021,United States,Seattle,Internet software & services,"First Round Capital, Sequoia Capital, Index Ventures"
Deel,$1.25,4/21/2021,United States,San Francisco,Fintech,"Andreessen Horowitz, Spark Capital, Y Combinator"
BrewDog,$1.24,04-10-2017,United Kingdom,Aberdeen,Consumer & retail,"TSG Consumer Partners, Crowdcube"
EQRx,$1.23,01-11-2021,United States,Cambridge,Health,"Nextech Invest, Casdin Capital, Google Ventures"
GalaxySpace,$1.22,11/17/2020,China,Beijing,Mobile & telecommunications,"Shunwei Capital Partners, 5Y Capital, Legend Capital"
Judo Bank,$1.21,12/23/2020,Australia,Melbourne,Fintech,"Ironbridge Capital, OPTrust, Myer Family Investments"
Yiguo,$1.2,11-09-2016,China,Shanghai,"Supply chain, logistics, & delivery","Alibaba Group, KKR, Goldman Sachs"
Fair,$1.2,12/20/2018,United States,Santa Monica,Auto & transportation,"CreditEase Fintech Investment Fund, BMW i Ventures, SoftBank Group"
Glossier,$1.2,3/19/2019,United States,New York,Consumer & retail,"Forerunner Ventures, Institutional Venture Partners, Thrive Capital"
Zipline,$1.2,5/20/2019,United States,South San Francisco,"Supply chain, logistics, & delivery","Sequoia Capital, Baillie Gifford & Co., Google Ventures"
SmartNews,$1.2,08-05-2019,Japan,Tokyo,Mobile & telecommunications,"Japan Post Capital, Globis Capital Partners, Atomico"
Workhuman,$1.2,6/23/2020,Ireland,Dublin,Internet software & services,ICG
FiveTran,$1.2,6/30/2020,United States,Oakland,Data management & analytics<,"Matrix Partners, Andreessen Horowitz, General Catalyst"
Qumulo,$1.2,7/16/2020,United States,Seattle,Data management & analytics,"Madrona Venture Group, Kleiner Perkins Caufield & Byers, Highland Capital Partners"
Dialpad,$1.2,10-06-2020,United States,San Francisco,Internet software & services,"Andreessen Horowitz, Google Ventures, Section 32"
Whoop,$1.2,10/28/2020,United States,Boston,E-commerce & direct-to-consumer,"NextView Ventures, Promus Ventures, Two Sigma Ventures"
Starburst,$1.2,01-06-2021,United States,Boston,Data management & analytics,"Index Ventures, Coatue Management, Andreessen Horowitz"
Tealium,$1.2,02-03-2021,United States,San Diego,Internet software & services,"Georgian Partners, Silver Lake, Presidio Ventures"
Public,$1.2,2/17/2021,United States,New York,Fintech,"Accel, Greycroft, Advancit Capital"
Axonius,$1.2,03-01-2021,United States,New York,Cybersecurity,"Vertex Ventures Israel, Bessemer Venture Partners, Emerge"
Savage X Fenty,$1.2,3/16/2021,United States,New York,E-commerce & direct-to-consumer,"L Catterton, Marcy Venture Partners, Advent International"
Bitpanda,$1.2,3/16/2021,Austria,Vienna,Fintech,"Speedinvest, Valar Ventures, Uniqa Ventures"
Orca Security,$1.2,3/23/2021,Israel,Tel Aviv-Yafo,Cybersecurity,"Redpoint Ventures, capitalG, ICONIQ Growth"
Pilot.com,$1.2,3/26/2021,United States,San Francisco,Fintech,"Index Ventures, Sequoia Capital, Bezos Expeditions"
Paidy,$1.2,3/30/2021,Japan,Tokyo,Fintech,"ITOCHU Corporation, Arbor Ventures, Soros Fund Management"
Cava Group,$1.2,4/27/2021,United States,Washington,Other,"SWaN & Legend Ventures, Revolution Growth, Invus Group"
Vectra Networks,$1.2,4/29/2021,United States,San Jose,Artificial intelligence,"IA Ventures, Khosla Ventures, AME Cloud Ventures"
Ada Support,$1.2,05-07-2021,Canada,Toronto,Artificial intelligence,"Version One Ventures, Bessemer Venture Partners, FirstMark Capital"
Inari,$1.2,05-12-2021,United States,Cambridge,Other,"Flagship Pioneering, Alexandria Venture Investments, Investment Corporation of Dubai"
Project44,$1.2,06-01-2021,United States,Chicago,"Supply chain, logistics, & delivery","Emergence Capital Partners, 8VC, Chicago Ventures"
Alation,$1.2,06-03-2021,United States,Redwood City,Internet software & services,"Costanoa Ventures, Data Collective, Salesforce Ventures"
L&P Cosmetic,$1.19,01-01-2016,South Korea,Seoul,Consumer & retail,CDIB Capital
Unisound,$1.19,7/19/2018,China,Beijing,Artificial intelligence,"Qiming Venture Partners, China Internet Investment Fund, Qualcomm Ventures"
Mininglamp Technology,$1.19,3/27/2019,China,Beijing,Artificial intelligence,"Russia-China Investment Fund, Tencent Holdings, Sequoia Capital China"
Sysdig,$1.19,4/28/2021,United States,San Francisco,Cybersecurity,"Accel, Bain Capital Ventures, Insight Partners"
Luoji Siwei,$1.18,7/20/2017,China,Beijing,Edtech,"Sequoia Capital China, Qiming Venture Partners, Tencent Holdings"
Cerebras Systems,$1.17,11/14/2018,United States,Los Altos,Hardware,"Benchmark, Foundation Capital, Sequoia Capital"
Yimidida,$1.17,1/14/2019,China,Shanghai,"Supply chain, logistics, & delivery","Source Code Capital, Global Logistic Properties, K2VC"
Modern Health,$1.17,02-11-2021,United States,San Francisco,Health,"Kleiner Perkins Caufield & Byers, Afore Capital, Founders Fund"
Tuhu,$1.16,9/15/2018,China,Shanghai,Auto & transportation,"Qiming Venture Partners, Yaxia Automobile, Far East Horizon"
LifeMiles,$1.15,7/13/2015,Colombia,Bogota,Other,Advent International
Venafi,$1.15,12-10-2020,United States,Salt Lake City,Cybersecurity,"Pelion Venture Partners, Foundation Capital, Thoma Bravo"
Doctolib,$1.14,3/19/2019,France,Paris,Health,"BPI France, Kerala Ventures, Accel"
Deposit Solutions,$1.13,9/18/2019,Germany,Hamburg,Fintech,"e.ventures, Greycroft, FinLab"
TELD,$1.12,12/16/2019,China,Qingdao,Fintech,"China Reform Fund, Gaopeng Capital, Jinhui Xingye"
TangoMe,$1.1,3/20/2014,United States,Mountain View,Mobile & telecommunications,"Draper Fisher Jurtson, Qualcomm Ventures, Alibaba Group"
AppDirect,$1.1,10-07-2015,United States,San Francisco,E-commerce & direct-to-consumer,"Mithril, iNovia Capital, Foundry Group"
Juanpi,$1.1,4/14/2016,China,Wuhan,E-commerce & direct-to-consumer,"Tiantu Capital, SAIF Partners China, Newsion Venture Capital"
OVH,$1.1,8/15/2016,France,Roubaix,Other,"KKR, TowerBrook Capital Partners"
Eat Just,$1.1,11/30/2017,United States,San Francisco,Consumer & retail,"Khosla Ventures, Horizons Ventures, Founders Fund"
GetYourGuide,$1.1,5/16/2019,Germany,Berlin,Travel,"Spark Capital, Highland Europe, Sunstone Capital"
Ivalua,$1.1,5/21/2019,United States,Redwood City,Fintech,"Ardian, Tiger Global Management, KKR"
Coveo,$1.1,11-06-2019,Canada,Quebec City,Artificial intelligence,"Fonds de Solidarite FTQ, Propulsion Ventures, BDC Venture Capital"
Sisense,$1.1,01-09-2020,United States,New York,Data management & analytics,"Opus Capital, Genesis Partners, Battery Ventures"
Course Hero,$1.1,02-12-2020,United States,Redwood City,Edtech,"NewView Capital, Maveron, Ridge Ventures"
Sema4,$1.1,7/29/2020,United States,Stamford,Health,"Blackrock, Connecticut Innovations, Deerfield Management"
Pharmapacks,$1.1,11-12-2020,United States,Islandia,E-commerce & direct-to-consumer,The Carlyle Group
SalesLoft,$1.1,01-06-2021,United States,Atlanta,Internet software & services,"Caffeinated Capital, Obvious Ventures, Venrock"
Nexthink,$1.1,02-08-2021,Switzerland,Prilly,Data management & analytics,"Auriga, Galeo Ventures, Highland Europe"
Zego,$1.1,03-09-2021,United Kingdom,London,Fintech,"LocalGlobe, Balderton Capital, Target Global"
Ginger,$1.1,3/24/2021,United States,San Francisco,Health,"Kaiser Permanente Ventures, Khosla Ventures, True Ventures"
Rightway,$1.1,3/30/2021,United States,New York,Health,"Thrive Capital, Khosla Ventures, Tiger Global Management"
Misfits Market,$1.1,4/21/2021,United States,Pennsauken,E-commerce & direct-to-consumer,"Accel, D1 Capita Partners, Greenoaks Capital Management"
Sunbit,$1.1,5/20/2021,United States,Los Angeles,Fintech,"Zeev Ventures, Group11, Chicago Ventures"
Biren Technology,$1.09,8/18/2020,China,Shanghai,Hardware,"V FUND, IDG Capital, Green Pine Capital Partners"
Nxin,$1.08,9/18/2018,China,Beijing,Internet software & services,"Beijing Juneng Hesheng Industry Investment Fund, Beijing Shuju Xinrong Fund"
Rubicon Global,$1.07,8/25/2017,United States,Atlanta,Other,"Goldman Sachs, Leonardo DiCaprio, Promecap"
Radius Payment Solutions,$1.07,11/27/2017,United Kingdom,Crewe,Fintech,Inflexion Private Equity
Rivigo,$1.07,07-11-2019,India,Gurgaon,"Supply chain, logistics, & delivery","SAIF Partners India, Warburg Pincus, Trifecta Capital Advisors"
Dataiku,$1.06,12-04-2019,United States,New York,Internet software & services,"Alven Capital, FirstMark Capital, capitalG"
Jiuxian,$1.05,7/30/2015,China,Beijing,E-commerce & direct-to-consumer,"Sequoia Capital China, Rich Land Capital, Merrysunny Wealth"
Instabase,$1.05,10/21/2019,United States,San Francisco,Data management & analytics,"New Enterprise Associates, Greylock Partners, Andreessen Horowitz"
Hesai Tech,$1.05,08-01-2020,China,Shanghai,Artificial intelligence,"Lightspeed China Partners, Baidu Ventures, Qiming Venture Partners"
Proterra,$1.05,10/15/2020,United States,Burlingame,"Supply chain, logistics, & delivery","GM Ventures, VentureSouth, Kleiner Perkins Caufield & Byers"
Sendbird,$1.05,04-06-2021,United States,San Mateo,Mobile & telecommunications,"FundersClub, Y Combinator, Tiger Global Management"
Aprogen,$1.04,5/31/2019,South Korea,Seongnam-Si,Health,"Lindeman Asia Investment, Nichi-Iko Pharmaceutical"
OrCam Technologies,$1.03,2/20/2018,Israel,Jerusalem,Artificial intelligence,"Intel Capital, Aviv Venture Capital"
Leap Motor,$1.01,11/20/2018,China,Hangzhou,Auto & transportation,"Sequoia Capital China, Gopher Asset Management, Shanghai Electric Group"
Lookout,$1,10-10-2013,United States,San Francisco,Cybersecurity,"Accel Partners, Greylock Partners, Lowercase Capital"
Snapdeal,$1,5/21/2014,India,New Delhi,E-commerce & direct-to-consumer,"SoftBankGroup, Blackrock, Alibaba Group"
TechStyle Fashion Group,$1,8/29/2014,United States,El Segundo,E-commerce & direct-to-consumer,"Matrix Partners, Passport Capital, Rho Ventures"
InMobi,$1,12-02-2014,India,Bengaluru,Mobile & telecommunications,"Kleiner Perkins Caufield & Byers, Softbank Corp., Sherpalo Ventures"
LinkSure Network,$1,01-01-2015,China,Shanghai,Mobile & telecommunications,N/A
Red Ventures,$1,01-07-2015,United States,Fort Mill,Other,"Silver Lake Partners, General Atlantic"
BeiBei,$1,1/22/2015,China,Hangzhou,E-commerce & direct-to-consumer,"Banyan Capital, New Horizon Capital, IDG Capital Partners"
Lamabang,$1,03-06-2015,China,Shenzhen,E-commerce & direct-to-consumer,"5Y Capital, Matrix Partners China, K2VC"
JimuBox,$1,4/21/2015,China,Beijing,Fintech,"Matrix Partners China, Ventech China, Shunwei Capital Partners"
BenevolentAI,$1,06-02-2015,United Kingdom,London,Artificial intelligence,Woodford Investment Management
FXiaoKe,$1,07-02-2015,China,Beijing,Mobile & telecommunications,"IDG Capital, Northern Light Venture Capital, DCM Ventures"
Vox Media,$1,08-12-2015,United States,Washington,Internet software & services,"Accel Partners, Comcast Ventures, General Atlantic"
Mia.com,$1,09-08-2015,China,Beijing,E-commerce & direct-to-consumer,"Sequoia Capital China, ZhenFund, K2 Ventures"
Womai,$1,10-12-2015,China,Beijing,E-commerce & direct-to-consumer,"SAIF Partners China, Baidu, IDG Capital"
58 Daojia,$1,10-12-2015,China,Beijing,Internet software & services,"KKR, Alibaba Group, Ping An Insurance"
HuJiang,$1,10/29/2015,China,Shanghai,Edtech,"China Minsheng Investment, Baidu, Wanxin Media"
iTutorGroup,$1,11/18/2015,China,Shanghai,Edtech,"QiMing Venture Partners, Temasek Holdings, Silverlink Capital"
MindMaze,$1,1/28/2016,Switzerland,Lausanne,Health,Hinduja Group
iCarbonX,$1,04-12-2016,China,Shenzhen,Artificial intelligence,"Tencent, Vcanbio"
Age of Learning,$1,05-03-2016,United States,Glendale,Edtech,Iconiq Capital
SMS Assist,$1,06-07-2016,United States,Chicago,Internet software & services,"Goldman Sachs, Insights Venture Partners, Pritzker Group Venture Capital"
Kendra Scott,$1,12/21/2016,United States,Austin,Consumer & retail,"Berkshire Partners, Norwest Venture Partners"
Mobvoi,$1,04-06-2017,China,Beijing,Consumer & retail,"Sequoia Capital China, SIG Asia Investments, ZhenFund"
Zhuan Zhuan,$1,4/18/2017,China,Beijing,E-commerce & direct-to-consumer,"58.com, Tencent Holdings"
Modernizing Medicine,$1,05-10-2017,United States,Boca Raton,Health,"Warburg Pincus, Summit Partners, Sands Capital"
Zhaogang,$1,6/29/2017,China,Shanghai,E-commerce & direct-to-consumer,"K2 Ventures, Matrix Partners China, IDG Capital"
DianRong,$1,08-02-2017,China,Shanghai,E-commerce & direct-to-consumer,"Standard Chartered, FinSight Ventures, Affirma Capital"
Cell C,$1,08-07-2017,South Africa,Midrand,Mobile & telecommunications,"Blue Label Telecoms, Net1 UEPS Technologies"
YH Global,$1,9/21/2017,China,Shenzhen,"Supply chain, logistics, & delivery","Co-Energy Finance, Grandland"
Revolution Precrafted,$1,10/23/2017,Philippines,Manila,Other,"K2 Global, 500 Startups"
WeLab,$1,11-08-2017,Hong Kong,,Fintech,"Sequoia Capital China, ING, Alibaba Entrepreneurs Fund"
Maimai,$1,11/15/2017,China,Beijing,Mobile & telecommunications,"Morningside Venture Capital, IDG Capital, DCM Ventures"
Payoneer,$1,12-05-2017,United States,New York,Fintech,"Susquehanna Growth Equity, 83North, China Broadband Capital"
Rani Therapeutics,$1,02-08-2018,United States,San Jose,Health,"Google Ventures, VentureHealth, InCube Ventures"
Upgrade,$1,02-12-2018,United States,San Francisco,Fintech,"Union Square Ventures, Ribbit Capital, VY Capital"
Dxy.cn,$1,04-10-2018,China,Hangzhou,Health,"Tencent Holdings, DCM Ventures"
SoundHound,$1,05-03-2018,United States,Santa Clara,Artificial intelligence,"Tencent Holdings, Walden Venture Capital, Global Catalyst Partnera"
HMD Global,$1,5/21/2018,Finland,Espoo,Mobile & telecommunications,Ginko Ventures
Orbbec Technology,$1,5/21/2018,China,Shenzhen,Hardware,"R-Z Capital, Green Pine Capital Partners, SAIF Partners China"
Huike Group,$1,5/24/2018,China,Beijing,Edtech,"Fosun RZ Capital, Oceanwide Holdings, Shenzhen Qianhe Capital Management Co."
China Cloud,$1,06-11-2018,China,Wuxi,Hardware,"V Star Capital, GF Xinde Investment Management Co., Haitong Leading Capital Management"
LinkDoc Technology,$1,07-05-2018,China,Beijing,Health,"China Investment Corporation, New Enterprise Associates"
MediaMath,$1,07-10-2018,United States,New York,Internet software & services,"Silicon Valley Bank, QED Investors, European Founders Fund"
Movile,$1,07-12-2018,Brazil,Sao Paulo,Mobile & telecommunications,"Innova Capital - FIP, 3G Capital Management, Prosus Ventures"
Kuaigou Dache,$1,7/13/2018,China,Tianjin,"Supply chain, logistics, & delivery","Sequoia Capital China, InnoVision Capital, Qianhai Fund of Funds"
Pat McGrath Labs,$1,7/16/2018,United States,New York,Consumer & retail,"One Luxury Group, Eurazeo"
Wacai,$1,7/18/2018,China,Hangzhou,Mobile & telecommunications,"Qiming Venture Partners, China Broadband Capital, CDH Investments"
About You,$1,7/19/2018,Germany,Hamburg,E-commerce & direct-to-consumer,"German Media Pool, Seven Venture Capital"
Medlinker,$1,7/31/2018,China,Chengdu,Health,"China Health Industry Investment Fund, China Renaissance, and Sequoia Capital China"
FlashEx,$1,8/27/2018,China,Beijing,"Supply chain, logistics, & delivery","Prometheus Capital, Matrix Partners China, JD Capital Management"
Branch,$1,09-10-2018,United States,Redwood City,Mobile & telecommunications,"New Enterprise Associates, Pear, Cowboy Ventures"
Banma Network Technologies,$1,9/13/2018,China,Shanghai,Auto & transportation,"Yunfeng Capital, SDIC Innovation Investment Management, Shang Qi Capital"
Tresata,$1,10-10-2018,United States,Charlotte,Fintech,GCP Capital Partners
Momenta,$1,10/17/2018,China,Beijing,Artificial intelligence,"Sinovation Ventures, Tencent Holdings, Sequoia Capital China"
Hosjoy,$1,10/18/2018,China,Nanjing,E-commerce & direct-to-consumer,"U.S.-China Green Fund, Founder H Fund, Richland Equities"
Omio,$1,10/23/2018,Germany,Berlin,Travel,"Lakestar, Battery Ventures, New Enterprise Associates"
TERMINUS Technology,$1,10/25/2018,China,Beijing,Hardware,"China Everbright Limited, IDG Capital, iFLYTEK"
BitFury,$1,11-06-2018,Netherlands,Amsterdam,Hardware,"Georgian Co-Investment Fund, iTech Capital, Galaxy Digital"
WalkMe,$1,11/13/2018,United States,San Francisco,Internet software & services,"Gemini Israel Ventures, Insight Venture Partners, Giza Venture Capital"
iFood,$1,11/13/2018,Brazil,Osasco,"Supply chain, logistics, & delivery","Movile, Just Eat, Naspers"
Geek+,$1,11/21/2018,China,Beijing,Hardware,"Volcanics Ventures, Vertex Ventures China, Warburg Pincus"
REEF Technology,$1,12-10-2018,United States,Miami,"Supply chain, logistics, & delivery","Target Global, UBS Asset Management, Mubadala Capital"
Globality,$1,1/22/2019,United States,Menlo Park,Artificial intelligence,SoftBank Group
Ynsect,$1,2/21/2019,France,Evry,Other,"Astanor Ventures, Upfront Ventures, IDInvest Partners"
OCSiAl,$1,03-04-2019,Luxembourg,Leudelange,Other,"A&NN, Rusnano"
Intellifusion,$1,3/22/2019,China,Shenzhen,Artificial intelligence,"BOC International, TopoScend Capital, Hongxiu VC"
Liquid,$1,04-03-2019,Japan,Tokyo,Fintech,"JAFCO Co, Bitmain Technologies, IDG Capital"
Poizon,$1,4/29/2019,China,Shanghai,Mobile & telecommunications,"DST Global, Sequoia Capital China, Gaorong Capital"
VTS,$1,05-07-2019,United States,New York,Internet software & services,"Trinity Ventures, Fifth Wall Ventures, OpenView Venture Partners"
SITECH DEV,$1,5/16/2019,China,Guiyang,Other,China Prosperity Capital
KnowBox,$1,5/30/2019,China,Beijing,Edtech,"TAL Education Group, Legend Star, Alibaba Group"
Loggi,$1,06-05-2019,Brazil,Sao Paulo,"Supply chain, logistics, & delivery","Qualcomm Ventures, SoftBank Group. Monashees+"
Yanolja,$1,06-10-2019,South Korea,Seoul,Travel,"SBI Investment Korea, Partners Investment, GIC"
Gympass,$1,06-12-2019,United States,New York,Internet software & services,"General Atlantic, SoftBank Group, Atomico"
Meero,$1,6/18/2019,France,Paris,Artificial intelligence,"Aglae Ventures, Global Founders Capital, Alven Capital"
Miaoshou Doctor,$1,6/27/2019,China,Beijing,E-commerce & direct-to-consumer,"Sequoia Capital China, Qiming Venture Partners, Tencent Holdings"
Ola Electric Mobility,$1,07-02-2019,India,Bengaluru,Auto & transportation,"SoftBank Group, Tiger Global Management, Matrix Partners India"
Lightricks,$1,7/31/2019,Israel,Jerusalem,Artificial intelligence,"Viola Ventures, Insight Partners, ClalTech, Goldman Sachs"
Ibotta,$1,08-06-2019,United States,Denver,Fintech,"Koch Disruptive Technologies, Teamworthy Ventures, GGV Capital"
C2FO,$1,08-07-2019,United States,Leawood,Fintech,"Union Square Ventures, Summerhill Venture Partners, Mithril Capital Management"
Numbrs,$1,8/22/2019,Switzerland,Zurich,Fintech,"Investment Corporation of Dubai, Centralway"
CMR Surgical,$1,9/17/2019,United Kingdom,Cambridge,Health,"Cambridge Innovation Capital, LGT Capital Partners, Escala Capital"
Grammarly,$1,10-10-2019,United States,San Francisco,Internet software & services,"General Catalyst, Institutional Venture Partners, Breyer Capital"
EBANX,$1,10/16/2019,Brazil,Curitiba,Fintech,"FTV Capital, Endeavor"
Pendo,$1,10/17/2019,United States,Raleigh,Internet software & services,"Contour Venture Partners, Battery Ventures, Core Capital Partners"
KK Group,$1,10/23/2019,China,Dongguan,E-commerce & direct-to-consumer,"Matrix Partners China, Bright Venture Capita, Shenzhen Capital Group"
Vacasa,$1,10/29/2019,United States,Portland,Travel,"Level Equity, NewSpring Holdings, Riverwood Capital"
Riskified,$1,11-05-2019,United States,New York,Cybersecurity,"Entree Capital, Genesis Partners, Qumra Capital"
Bright HealthCare,$1,12/17/2019,United States,Minneapolis,Health,"Bessemer Venture Partners, New Enterprise Associates, Greenspring Associates"
Glovo,$1,12/19/2019,Spain,Barcelona,"Supply chain, logistics, & delivery","IDInvest Partners, Seaya Ventures, Lakestar"
ClassPass,$1,01-08-2020,United States,New York,Internet software & services,"General Catalyst, L Catterton, Acequia Capital"
Alto Pharmacy,$1,1/30/2020,United States,San Francisco,Health,"Jackson Square Ventures, Greenoaks Capital Management, Softbank Group"
o9 Solutions,$1,4/28/2020,United States,Dallas,Artificial intelligence,KKR
Emerging Markets Property Group,$1,4/28/2020,United Arab Emirates,Dubai,Other,"OLX Group, KCK Group, EXOR Seeds"
Quizlet,$1,5/13/2020,United States,San Francisco,Edtech,"Union Square Ventures, Altos Ventures, Costanoa Ventures"
Apeel Sciences,$1,5/26/2020,United States,Goleta,Other,"Upfront Ventures, Tao Capital Partners, Andreessen Horowitz"
Lilium Aviation,$1,06-09-2020,Germany,Wessling,Other,"Freigeist Capital, Obvious Ventures, Atomico"
Orca Bio,$1,6/17/2020,United States,Menlo Park,Health,"Lightspeed Venture Partners, Data Collective, 8VC"
KKW Beauty,$1,6/29/2020,United States,Woodland Hills,E-commerce & direct-to-consumer,Coty
VillageMD,$1,07-08-2020,United States,Chicago,Health,"Kinnevik, Oak HC/FT Partners, Walgreens Boots Alliance"
Trumid,$1,7/15/2020,United States,New York,Fintech,"T. Rowe Price, Dragoneer Investment Group, BlackRock"
Innovium,$1,7/21/2020,United States,San Jose,Hardware,"WRVI Capital, Qualcomm Ventures, S-Cubed Capital"
Infobip,$1,7/30/2020,Croatia,Vodnjan,Mobile & telecommunications,One Equity Partners
Mollie,$1,09-08-2020,Netherlands,Amsterdam,Fintech,Technology Crossover Ventures
Zwift,$1,9/16/2020,United States,Long Beach,E-commerce & direct-to-consumer,"Novator Partners, True, Causeway Media Partners"
Playco,$1,9/21/2020,Japan,Tokyo,Other,"Sozo Ventures, Caffeinated Capital, Sequoia Capital"
Socar,$1,10/16/2020,South Korea,Jeju-do,Auto & transportation,"Bain Capital, Altos Ventures, Songhyun Investment"
Tekion,$1,10/21/2020,United States,San Ramon,Internet software & services,"Airbus Ventures, Index Ventures, Advent International"
Eightfold.ai,$1,10/27/2020,United States,Mountain View,Internet software & services,"Foundation Capital, Institutional Venture Partners, General Catalyst"
Gousto,$1,11-03-2020,United Kingdom,London,"Supply chain, logistics, & delivery","MMC Ventures, BGF Ventures, Unilever Ventures"
Cato Networks,$1,11/17/2020,Israel,Tel Aviv,Cybersecurity,"Aspect Ventures, SingTel Innov8, Greylock Partners"
Cars24,$1,11/24/2020,India,Gurgaon,E-commerce & direct-to-consumer,"Moore Strategic Ventures, DST Global, Unbound"
Cityblock Health,$1,12-10-2020,United States,Brooklyn,Health,"Thrive Capital, Maverick Ventures, Redpoint Ventures"
Zenoti,$1.5,12/15/2020,United States,Bellevue,Internet software & services,"Norwest Venture Partners, Accel, Tiger Global Management"
ClickUp,$1,12/15/2020,United States,San Diego,Internet software & services,"Georgian Partners, Craft Ventures"
Boom Supersonic,$1,12/16/2020,United States,Englewood,Other,"WRVI Capital, Caffeinated Capital, Y Combinator"
Dave,$1,9/30/2019,United States,Los Angeles,Fintech,"Section 32, SV Angel, Norwest Venture Partners"
AInnovation,$1,12/16/2020,China,Beijing,Artificial intelligence,"CICC ALPHA, Chengwei Capital, Sinovation Ventures"
Qualia,$1,12/21/2020,United States,San Francisco,Fintech,"8VC, Menlo Ventures, Tiger Global Management"
DailyHunt,$1,12/22/2020,India,Bengaluru,Internet software & services,"Falcon Edge Capital, Omidyar Network, Sequoia Capital India"
Dremio,$1,01-06-2021,United States,Santa Clara,Data management & analytics,"Lightspeed Venture Partners, Redpoint Ventures, Norwest Venture Partners"
Lacework,$1,01-07-2021,United States,Alviso,Cybersecurity,"Sutter Hill Ventures, Liberty Global Ventures, Coatue Management"
Quantum Metric,$1,01-07-2021,United States,Colorado Springs,Data management & analytics,"Insight Partners, Bain Capital Ventures"
MadeiraMadeira,$1,01-07-2021,Brazil,Parana,E-commerce & direct-to-consumer,"Flybridge Capital Partners, SoftBank Group, Monashees+"
Sennder,$1.1,1/14/2021,Germany,Berlin,"Supply chain, logistics, & delivery","Accelm Scania Growth Capital, Lakestar"
PPRO,$1,1/19/2021,United Kingdom,London,Fintech,"Wellington Management, Eurazeo, Citi Ventures"
Sidecar Health,$1,1/26/2021,United States,El Segundo,Fintech,"GreatPoint Ventures, Tiger Global Management, Menlo Ventures"
Splashtop,$1,1/27/2021,United States,San Jose,Internet software & services,"Storm Ventures, DFJ DragonFund, New Enterprise Associates"
DriveNets,$1,1/27/2021,Israel,Ra'anana,Internet software & services,"Bessemer Venture Partners, Pitango Venture Capital, D1 Capital Partners"
Axiom Space,$1,2/16/2021,United States,Houston,Other,"C5 Capital, Hemisphere Ventures, The Venture Collective"
Locus Robotics,$1,2/17/2021,United States,Wilmington,Hardware,"Scale Venture Partners, Bond, Tiger Global Management"
Standard Cognition,$1,2/17/2021,United States,San Francisco,Artificial intelligence,"CRV, Y Combinator, Initialized Capital"
Sentry,$1,2/18/2021,United States,San Francisco,Other,"New Enterprise Associates, Accel, Bond"
WeBull,$1,2/18/2021,China,Changsha,Fintech,"Bojiang Capital, Hongdao Capital, Mobai Capital"
Newsela,$1,2/25/2021,United States,New York,Internet software & services,"Owl Ventures, Technology Crossover Ventures, Tao Capital Partners"
Infra.Market,$1,2/25/2021,India,Thane,E-commerce & direct-to-consumer,"Accel, Tiger Global Management, Nexus Venture Partners"
Skydio,$1,2/25/2021,United States,Redwood City,"Supply chain, logistics, & delivery","Andreessen Horowitz, Andreessen Horowitz, Institutional Venture Partners, Accel"
Vestiaire Collective,$1,03-01-2021,France,Paris,E-commerce & direct-to-consumer,"Eurazeo, IDInvest Partners, Balderton Capital"
Papaya Global,$1,03-04-2021,United States,New York,Internet software & services,"Bessemer Venture Partners, Insight Partners, New Era Ventures"
Flutterwave,$1,03-09-2021,United States,San Francisco,Fintech,"Green Visor Capital, CRE Venture Capital, Greycroft"
Aqua Security,$1,03-10-2021,Israel,Ramat Gan,Cybersecurity,"TLV Partners, Lightspeed Venture Partners, M12"
PatSnap,$1,3/16/2021,Singapore,,Internet software & services,"Sequoia Capital China, Shunwei Capital Partners, Qualgro"
Side,$1,3/22/2021,United States,San Francisco,Internet software & services,"Coatue Managemeny, Trinity Ventures, Matrix Partners"
Evidation Health,$1,3/22/2021,United States,San Mateo,Health,"B Capital Group,, GE Ventures, McKesson Ventures"
Lattice,$1,3/23/2021,United States,San Francisco,Internet software & services,"Khosla Ventures, Thrive Capital, Y Combinator"
Feedzai,$1,3/24/2021,United States,San Mateo,Artificial intelligence,"Global Founders Capital, Shea Ventures, Greycroft"
Hopper,$1,3/24/2021,Canada,Montreal,Travel,"Capital One Growth Ventures, Citi Ventures, OMERS Ventures"
Pacaso,$1,3/24/2021,United States,Cincinnati,Fintech,"Global Founders Capital, Shea Ventures, Greycroft"
Gorillas,$1,3/25/2021,Germany,Berlin,E-commerce & direct-to-consumer,"Coatue Management, Atlantic Food Labs, DST Global"
Yunxuetang,$1,3/29/2021,China,Suzhou,Edtech,"Matrix Partners China, Sequoia Capital China, Hundreds Capital"
Cameo,$1,3/30/2021,United States,Chicago,Internet software & services,"Lightspeed Venture Partners, Kleiner Perkins Caufield & Byers, Origin Ventures"
Fetch Rewards,$1,3/31/2021,United States,Madison,E-commerce & direct-to-consumer,"Greycroft, Loeb.NYC, DST Global"
Groww,$1,04-07-2021,India,Bengaluru,Fintech,"Tiger Global Management, Sequoia Capital India, Ribbit Capital"
The Zebra,$1,04-12-2021,United States,Austin,E-commerce & direct-to-consumer,"Silverton Partners, Accel, Ballast Point Ventures"
Groq,$1,4/14/2021,United States,Mountain View,Artificial intelligence,"TDK Ventures, Social Capital, D1 Capital Partners"
Clearcover,$1,4/13/2021,United States,Chicago,Fintech,"American Family Ventures, Cox Enterprises, OMERS Ventures"
Injective Protocol,$1,4/20/2021,United States,New York,Fintech,"Pantera Capital, Cadenza Ventures, BlockTower Capital"
Sift,$1,4/22/2021,United States,San Francisco,Artificial intelligence,"Union Square Ventures, Insight Partners, Spark Capital"
SaltPay,$1,4/23/2021,United Kingdom,London,Fintech,"Tiger Global Management, Hedosophia"
Capsule,$1,4/28/2021,United States,New York,Health,"Thrive Capital, Durable Capital Partners, G Squared"
MOLOCO,$1,4/29/2021,United States,Redwood City,Artificial intelligence,"Smilegate Investment, DSC Investments, KTB Ventures"
Mux,$1,4/30/2021,United States,San Francisco,Internet software & services,"Accel, Cobalt Capital, Andreessen Horowitz"
Firefly Aerospace,$1,05-04-2021,United States,Cedar Park,Other,"XBTO Ventures, Raven One Ventures, SK Ventures"
HoneyBook,$1,05-04-2021,United States,San Francisco,Internet software & services,"Norwest Venture Partners, Hillsven Capital, Aleph"
TensTorrent,$1,05-05-2021,Canada,Toronto,Artificial intelligence,"Eclipse Ventures, Fidelity Investments, Moore Capital Management"
Shift Technology,$1,05-06-2021,France,Paris,Artificial intelligence,"Griffin Gaming Partners, Andreessen Horowitz, Battery Ventures"
Forte Labs,$1,05-12-2021,United States,San Francisco,Fintech,"Iris Capital, Accel, Elaia Partners"
Axtria,$1,5/13/2021,United States,Berkeley Height,Data management & analytics,"Helion Venture Partners, Bain Capital Tech Opportunities, Sequoia Capital India"
Amount,$1,5/17/2021,United States,Chicago,Fintech,"Invus Group, Hanaco Venture Capital, WestCap Group"
Moglix,$1,5/17/2021,Singapore,,E-commerce & direct-to-consumer,"Jungle Ventures, Accel, Venture Highway"
Vise,$1,5/18/2021,United States,New York,Fintech,"Sequoia Capital, Founders Fund, Bling Capital"
Printful,$1,5/24/2021,United States,Charlotte,Other,Bregal Sagemount
Flash Express,$1,02-01-2021,Thailand,Bangkok,"Supply chain, logistics, & delivery","SCB 10X, Krungsri Finnovate, eWTP Capital"
Shippo,$1,06-02-2021,United States,San Francisco,"Supply chain, logistics, & delivery","Version One Ventures, Uncork Capital, Bessemer Venture Partners"
Thirty Madison,$1,06-02-2021,United States,New York,Health,"Northzone Ventures, Maveron, Johnson & Johnson Innovation"
LetsGetChecked,$1,06-07-2021,Ireland,Dublin,Health,"Optum Ventures, Qiming Venture Partners, Transformation Capital"
VerbIT,$1,06-08-2021,Israel,Tel Aviv,Artificial intelligence,"ClalTech, Vertex Ventures, Oryzn Capital"
Aura,$1,06-09-2021,United States,Burlington,Cybersecurity,"Warburg Pincus, General Catalyst"
